# Blender 4.1.1
# www.blender.org
mtllib MarioStarCoin.mtl
o Mario_Star_Coin
v -0.101905 0.000000 -0.881518
v -0.103985 0.000000 -0.901615
v 0.103965 -0.000000 -0.901615
v 0.101886 -0.000000 -0.881518
v -0.103985 -0.175896 -0.884291
v -0.101905 -0.171976 -0.864580
v 0.101886 -0.171976 -0.864580
v 0.103965 -0.175896 -0.884291
v -0.103985 -0.345033 -0.832984
v -0.101905 -0.337342 -0.814417
v 0.101886 -0.337342 -0.814417
v 0.103965 -0.345033 -0.832984
v -0.103985 -0.500911 -0.749665
v -0.101905 -0.489745 -0.732956
v 0.101886 -0.489745 -0.732956
v 0.103965 -0.500911 -0.749665
v -0.103985 -0.637538 -0.637538
v -0.101905 -0.623327 -0.623327
v 0.101886 -0.623327 -0.623327
v 0.103965 -0.637538 -0.637538
v -0.103985 -0.749665 -0.500910
v -0.101905 -0.732956 -0.489745
v 0.101886 -0.732956 -0.489745
v 0.103965 -0.749665 -0.500910
v -0.103985 -0.832984 -0.345033
v -0.101905 -0.814417 -0.337342
v 0.101886 -0.814417 -0.337342
v 0.103965 -0.832984 -0.345033
v -0.103985 -0.884291 -0.175896
v -0.101905 -0.864580 -0.171976
v 0.101886 -0.864580 -0.171976
v 0.103965 -0.884291 -0.175896
v -0.103985 -0.901615 -0.000000
v -0.101905 -0.881518 -0.000000
v 0.101886 -0.881518 -0.000000
v 0.103965 -0.901615 -0.000000
v -0.103985 -0.884291 0.175896
v -0.101905 -0.864580 0.171976
v 0.101886 -0.864580 0.171976
v 0.103965 -0.884291 0.175896
v -0.103985 -0.832984 0.345033
v -0.101905 -0.814417 0.337342
v 0.101886 -0.814417 0.337342
v 0.103965 -0.832984 0.345033
v -0.103985 -0.749665 0.500910
v -0.101905 -0.732956 0.489745
v 0.101886 -0.732956 0.489745
v 0.103965 -0.749665 0.500910
v -0.103985 -0.637538 0.637538
v -0.101905 -0.623327 0.623327
v 0.101886 -0.623327 0.623327
v 0.103965 -0.637538 0.637538
v -0.103985 -0.500911 0.749665
v -0.101905 -0.489745 0.732956
v 0.101886 -0.489745 0.732956
v 0.103965 -0.500911 0.749665
v -0.103985 -0.345033 0.832984
v -0.101905 -0.337342 0.814417
v 0.101886 -0.337342 0.814417
v 0.103965 -0.345033 0.832984
v -0.103985 -0.175896 0.884291
v -0.101905 -0.171976 0.864580
v 0.101886 -0.171976 0.864580
v 0.103965 -0.175896 0.884291
v -0.103985 0.000000 0.901615
v -0.101905 0.000000 0.881518
v 0.101886 -0.000000 0.881518
v 0.103965 -0.000000 0.901615
v -0.103985 0.175896 0.884291
v -0.101905 0.171976 0.864580
v 0.101886 0.171976 0.864580
v 0.103965 0.175896 0.884291
v -0.103985 0.345033 0.832984
v -0.101905 0.337342 0.814417
v 0.101886 0.337342 0.814417
v 0.103965 0.345033 0.832984
v -0.103985 0.500910 0.749665
v -0.101905 0.489745 0.732956
v 0.101886 0.489745 0.732956
v 0.103965 0.500910 0.749665
v -0.103985 0.637538 0.637538
v -0.101905 0.623327 0.623327
v 0.101886 0.623327 0.623327
v 0.103965 0.637538 0.637538
v -0.103985 0.749665 0.500910
v -0.101905 0.732956 0.489745
v 0.101886 0.732956 0.489745
v 0.103965 0.749665 0.500910
v -0.103985 0.832984 0.345033
v -0.101905 0.814417 0.337342
v 0.101886 0.814417 0.337342
v 0.103965 0.832984 0.345033
v -0.103985 0.884291 0.175896
v -0.101905 0.864580 0.171976
v 0.101886 0.864580 0.171976
v 0.103965 0.884291 0.175896
v -0.103985 0.901615 -0.000000
v -0.101905 0.881518 -0.000000
v 0.101886 0.881518 -0.000000
v 0.103965 0.901615 -0.000000
v -0.103985 0.884291 -0.175896
v -0.101905 0.864580 -0.171976
v 0.101886 0.864580 -0.171976
v 0.103965 0.884291 -0.175896
v -0.103985 0.832984 -0.345033
v -0.101905 0.814417 -0.337342
v 0.101886 0.814417 -0.337342
v 0.103965 0.832984 -0.345033
v -0.103985 0.749665 -0.500910
v -0.101905 0.732956 -0.489745
v 0.101886 0.732956 -0.489745
v 0.103965 0.749665 -0.500910
v -0.103985 0.637538 -0.637538
v -0.101905 0.623327 -0.623327
v 0.101886 0.623327 -0.623327
v 0.103965 0.637538 -0.637538
v -0.103985 0.500910 -0.749665
v -0.101905 0.489745 -0.732956
v 0.101886 0.489745 -0.732956
v 0.103965 0.500910 -0.749665
v -0.103985 0.345033 -0.832984
v -0.101905 0.337342 -0.814417
v 0.101886 0.337342 -0.814417
v 0.103965 0.345033 -0.832984
v -0.103985 0.175896 -0.884291
v -0.101905 0.171976 -0.864580
v 0.101886 0.171976 -0.864580
v 0.103965 0.175896 -0.884291
v -0.103985 0.000000 -0.979903
v -0.101905 0.000000 -1.000000
v -0.101905 -0.195090 -0.980785
v -0.103985 -0.191170 -0.961075
v 0.103965 -0.191170 -0.961075
v 0.101886 -0.195090 -0.980785
v 0.101886 -0.000000 -1.000000
v 0.103965 -0.000000 -0.979903
v -0.101905 -0.382683 -0.923880
v -0.103985 -0.374993 -0.905312
v 0.103965 -0.374993 -0.905312
v 0.101886 -0.382683 -0.923880
v -0.101905 -0.555570 -0.831470
v -0.103985 -0.544405 -0.814760
v 0.103965 -0.544405 -0.814760
v 0.101886 -0.555570 -0.831470
v -0.101905 -0.707107 -0.707107
v -0.103985 -0.692896 -0.692896
v 0.103965 -0.692896 -0.692896
v 0.101886 -0.707107 -0.707107
v -0.101905 -0.831470 -0.555570
v -0.103985 -0.814760 -0.544405
v 0.103965 -0.814760 -0.544405
v 0.101886 -0.831470 -0.555570
v -0.101905 -0.923880 -0.382683
v -0.103985 -0.905312 -0.374993
v 0.103965 -0.905312 -0.374993
v 0.101886 -0.923880 -0.382683
v -0.101905 -0.980785 -0.195090
v -0.103985 -0.961075 -0.191170
v 0.103965 -0.961075 -0.191170
v 0.101886 -0.980785 -0.195090
v -0.101905 -1.000000 -0.000000
v -0.103985 -0.979903 -0.000000
v 0.103965 -0.979903 -0.000000
v 0.101886 -1.000000 -0.000000
v -0.101905 -0.980785 0.195090
v -0.103985 -0.961075 0.191170
v 0.103965 -0.961075 0.191170
v 0.101886 -0.980785 0.195090
v -0.101905 -0.923880 0.382683
v -0.103985 -0.905312 0.374993
v 0.103965 -0.905312 0.374993
v 0.101886 -0.923880 0.382683
v -0.101905 -0.831470 0.555570
v -0.103985 -0.814760 0.544405
v 0.103965 -0.814760 0.544405
v 0.101886 -0.831470 0.555570
v -0.101905 -0.707107 0.707107
v -0.103985 -0.692896 0.692896
v 0.103965 -0.692896 0.692896
v 0.101886 -0.707107 0.707107
v -0.101905 -0.555570 0.831470
v -0.103985 -0.544405 0.814760
v 0.103965 -0.544405 0.814760
v 0.101886 -0.555570 0.831470
v -0.101905 -0.382683 0.923880
v -0.103985 -0.374993 0.905312
v 0.103965 -0.374993 0.905312
v 0.101886 -0.382683 0.923880
v -0.101905 -0.195090 0.980785
v -0.103985 -0.191170 0.961075
v 0.103965 -0.191170 0.961075
v 0.101886 -0.195090 0.980785
v -0.101905 0.000000 1.000000
v -0.103985 0.000000 0.979903
v 0.103965 -0.000000 0.979903
v 0.101886 -0.000000 1.000000
v -0.101905 0.195090 0.980785
v -0.103985 0.191170 0.961075
v 0.103965 0.191170 0.961075
v 0.101886 0.195090 0.980785
v -0.101905 0.382683 0.923880
v -0.103985 0.374993 0.905312
v 0.103965 0.374993 0.905312
v 0.101886 0.382683 0.923880
v -0.101905 0.555570 0.831470
v -0.103985 0.544405 0.814760
v 0.103965 0.544405 0.814760
v 0.101886 0.555570 0.831470
v -0.101905 0.707107 0.707107
v -0.103985 0.692896 0.692896
v 0.103965 0.692896 0.692896
v 0.101886 0.707107 0.707107
v -0.101905 0.831470 0.555570
v -0.103985 0.814760 0.544405
v 0.103965 0.814760 0.544405
v 0.101886 0.831470 0.555570
v -0.101905 0.923880 0.382683
v -0.103985 0.905312 0.374993
v 0.103965 0.905312 0.374993
v 0.101886 0.923880 0.382683
v -0.101905 0.980785 0.195090
v -0.103985 0.961075 0.191170
v 0.103965 0.961075 0.191170
v 0.101886 0.980785 0.195090
v -0.101905 1.000000 -0.000000
v -0.103985 0.979903 -0.000000
v 0.103965 0.979903 -0.000000
v 0.101886 1.000000 -0.000000
v -0.101905 0.980785 -0.195090
v -0.103985 0.961075 -0.191170
v 0.103965 0.961075 -0.191170
v 0.101886 0.980785 -0.195090
v -0.101905 0.923880 -0.382683
v -0.103985 0.905312 -0.374993
v 0.103965 0.905312 -0.374993
v 0.101886 0.923880 -0.382683
v -0.101905 0.831470 -0.555570
v -0.103985 0.814760 -0.544405
v 0.103965 0.814760 -0.544405
v 0.101886 0.831470 -0.555570
v -0.101905 0.707107 -0.707107
v -0.103985 0.692896 -0.692896
v 0.103965 0.692896 -0.692896
v 0.101886 0.707107 -0.707107
v -0.101905 0.555570 -0.831470
v -0.103985 0.544405 -0.814760
v 0.103965 0.544405 -0.814760
v 0.101886 0.555570 -0.831470
v -0.101905 0.382683 -0.923880
v -0.103985 0.374993 -0.905312
v 0.103965 0.374993 -0.905312
v 0.101886 0.382683 -0.923880
v -0.101905 0.195090 -0.980785
v -0.103985 0.191170 -0.961075
v 0.103965 0.191170 -0.961075
v 0.101886 0.195090 -0.980785
v -0.063550 -0.000000 -0.861421
v -0.065630 -0.000000 -0.881518
v -0.065630 -0.171976 -0.864580
v -0.063550 -0.168055 -0.844869
v 0.063530 -0.168055 -0.844869
v 0.065610 -0.171976 -0.864580
v 0.065610 0.000000 -0.881518
v 0.063530 0.000000 -0.861421
v -0.065630 -0.337342 -0.814417
v -0.063550 -0.329652 -0.795850
v 0.063530 -0.329652 -0.795850
v 0.065610 -0.337342 -0.814417
v -0.065630 -0.489745 -0.732956
v -0.063550 -0.478580 -0.716246
v 0.063530 -0.478580 -0.716246
v 0.065610 -0.489745 -0.732956
v -0.065630 -0.623327 -0.623327
v -0.063550 -0.609117 -0.609117
v 0.063530 -0.609117 -0.609117
v 0.065610 -0.623327 -0.623327
v -0.065630 -0.732956 -0.489745
v -0.063550 -0.716246 -0.478580
v 0.063530 -0.716246 -0.478580
v 0.065610 -0.732956 -0.489745
v -0.065630 -0.814417 -0.337342
v -0.063550 -0.795850 -0.329652
v 0.063530 -0.795850 -0.329652
v 0.065610 -0.814417 -0.337342
v -0.065630 -0.814417 0.337342
v -0.063550 -0.795850 0.329652
v 0.063530 -0.795850 0.329652
v 0.065610 -0.814417 0.337342
v -0.065630 -0.732956 0.489745
v -0.063550 -0.716246 0.478580
v 0.063530 -0.716246 0.478580
v 0.065610 -0.732956 0.489745
v -0.065630 -0.623327 0.623327
v -0.063550 -0.609117 0.609117
v 0.063530 -0.609117 0.609117
v 0.065610 -0.623327 0.623327
v -0.065630 -0.489745 0.732956
v -0.063550 -0.478580 0.716246
v 0.063530 -0.478580 0.716246
v 0.065610 -0.489745 0.732956
v -0.065630 -0.337342 0.814417
v -0.063550 -0.329652 0.795850
v 0.063530 -0.329652 0.795850
v 0.065610 -0.337342 0.814417
v -0.065630 -0.171976 0.864580
v -0.063550 -0.168055 0.844869
v 0.063530 -0.168055 0.844869
v 0.065610 -0.171976 0.864580
v -0.065630 -0.000000 0.881518
v -0.063550 -0.000000 0.861421
v 0.063530 0.000000 0.861421
v 0.065610 0.000000 0.881518
v -0.065630 0.171976 0.864580
v -0.063550 0.168055 0.844869
v 0.063530 0.168055 0.844869
v 0.065610 0.171976 0.864580
v -0.065630 0.337342 0.814417
v -0.063550 0.329652 0.795850
v 0.063530 0.329652 0.795850
v 0.065610 0.337342 0.814417
v -0.065630 0.489745 0.732956
v -0.063550 0.478580 0.716246
v 0.063530 0.478580 0.716246
v 0.065610 0.489745 0.732956
v -0.065630 0.623327 0.623327
v -0.063550 0.609117 0.609117
v 0.063530 0.609117 0.609117
v 0.065610 0.623327 0.623327
v -0.065630 0.732956 0.489745
v -0.063550 0.716246 0.478580
v 0.063530 0.716246 0.478580
v 0.065610 0.732956 0.489745
v -0.065630 0.814417 0.337342
v -0.063550 0.795850 0.329652
v 0.063531 0.795850 0.329652
v 0.065610 0.814417 0.337342
v -0.065630 0.814417 -0.337342
v -0.063550 0.795850 -0.329652
v 0.063531 0.795850 -0.329652
v 0.065610 0.814417 -0.337342
v -0.065630 0.732956 -0.489745
v -0.063550 0.716246 -0.478580
v 0.063530 0.716246 -0.478580
v 0.065610 0.732956 -0.489745
v -0.065630 0.623327 -0.623327
v -0.063550 0.609117 -0.609117
v 0.063530 0.609117 -0.609117
v 0.065610 0.623327 -0.623327
v -0.065630 0.489745 -0.732956
v -0.063550 0.478580 -0.716246
v 0.063530 0.478580 -0.716246
v 0.065610 0.489745 -0.732956
v -0.065630 0.337342 -0.814417
v -0.063550 0.329652 -0.795850
v 0.063530 0.329652 -0.795850
v 0.065610 0.337342 -0.814417
v -0.065630 0.171976 -0.864580
v -0.063550 0.168055 -0.844869
v 0.063530 0.168055 -0.844869
v 0.065610 0.171976 -0.864580
v -0.065630 -0.864580 -0.171976
v -0.063550 -0.844869 -0.168055
v -0.065630 -0.881518 -0.000000
v -0.063550 -0.861421 -0.000000
v 0.063530 -0.861421 -0.000000
v 0.065610 -0.881518 -0.000000
v 0.063530 -0.844869 -0.168055
v 0.065610 -0.864580 -0.171976
v -0.065630 -0.864580 0.171976
v -0.063550 -0.844869 0.168055
v 0.063530 -0.844869 0.168055
v 0.065610 -0.864580 0.171976
v -0.065630 0.864580 0.171976
v -0.063550 0.844869 0.168055
v -0.065630 0.881518 -0.000000
v -0.063550 0.861421 -0.000000
v 0.063531 0.861421 -0.000000
v 0.065610 0.881518 -0.000000
v 0.063531 0.844869 0.168055
v 0.065610 0.864580 0.171976
v -0.065630 0.864580 -0.171976
v -0.063550 0.844869 -0.168055
v 0.063531 0.844869 -0.168055
v 0.065610 0.864580 -0.171976
v -0.055665 0.244610 -0.746264
v -0.055665 -0.632677 -0.461216
v -0.059538 -0.122373 -0.383230
v -0.087975 -0.100353 -0.363282
v -0.088013 -0.128144 -0.354253
v -0.102250 -0.109801 -0.344925
v -0.116453 -0.064921 -0.330766
v -0.116524 -0.137354 -0.306948
v -0.129343 -0.091842 -0.289512
v -0.142974 -0.026623 -0.256962
v -0.051793 0.328132 -0.236837
v -0.088013 0.298789 -0.233371
v -0.116524 0.250955 -0.227512
v -0.143193 -0.124268 -0.224232
v -0.102250 0.295586 -0.213043
v -0.087975 0.315964 -0.209731
v -0.143193 0.176332 -0.189507
v -0.156259 -0.058396 -0.186291
v -0.129343 0.248435 -0.178840
v -0.116453 0.295990 -0.165986
v -0.165665 0.082919 -0.123443
v -0.165665 0.035631 -0.120362
v -0.177146 0.082919 -0.120362
v -0.154185 0.082919 -0.120362
v -0.165665 0.130207 -0.120362
v -0.176272 0.035631 -0.117516
v -0.155059 0.035631 -0.117516
v -0.176272 0.130207 -0.117516
v -0.155059 0.130207 -0.117516
v -0.165665 -0.004458 -0.111588
v -0.186878 0.082919 -0.111588
v -0.144452 0.082919 -0.111588
v -0.165665 0.170296 -0.111588
v -0.173783 -0.004458 -0.109410
v -0.157547 -0.004458 -0.109410
v -0.185263 0.035631 -0.109410
v -0.146067 0.035631 -0.109410
v -0.185263 0.130207 -0.109410
v -0.146067 0.130207 -0.109410
v -0.173783 0.170296 -0.109410
v -0.157547 0.170296 -0.109410
v -0.180665 -0.004458 -0.103206
v -0.150665 -0.004458 -0.103206
v -0.180665 0.170296 -0.103206
v -0.150665 0.170296 -0.103206
v -0.165665 -0.031245 -0.098458
v -0.193381 0.082919 -0.098458
v -0.137949 0.082919 -0.098458
v -0.165665 0.197083 -0.098458
v -0.170058 -0.031245 -0.097279
v -0.161272 -0.031245 -0.097279
v -0.191272 0.035631 -0.097279
v -0.140059 0.035631 -0.097279
v -0.191272 0.130207 -0.097279
v -0.140059 0.130207 -0.097279
v -0.170058 0.197083 -0.097279
v -0.161272 0.197083 -0.097279
v -0.173783 -0.031245 -0.093922
v -0.157547 -0.031245 -0.093922
v -0.185263 -0.004458 -0.093922
v -0.146067 -0.004458 -0.093922
v -0.185263 0.170296 -0.093922
v -0.146067 0.170296 -0.093922
v -0.173783 0.197083 -0.093922
v -0.157547 0.197083 -0.093922
v -0.176272 -0.031245 -0.088897
v -0.155059 -0.031245 -0.088897
v -0.176272 0.197083 -0.088897
v -0.155059 0.197083 -0.088897
v -0.156259 0.160603 -0.115134
v -0.165665 -0.040651 -0.082970
v -0.177146 -0.031245 -0.082970
v -0.154185 -0.031245 -0.082970
v -0.186878 -0.004458 -0.082970
v -0.144452 -0.004458 -0.082970
v -0.193381 0.035631 -0.082970
v -0.137949 0.035631 -0.082970
v -0.195665 0.082919 -0.082970
v -0.135665 0.082919 -0.082970
v -0.193381 0.130207 -0.082970
v -0.137949 0.130207 -0.082970
v -0.186878 0.170296 -0.082970
v -0.144452 0.170296 -0.082970
v -0.177146 0.197083 -0.082970
v -0.154185 0.197083 -0.082970
v -0.165665 0.206488 -0.082970
v -0.142974 0.237633 -0.106754
v -0.176272 -0.031245 -0.077043
v -0.155059 -0.031245 -0.077043
v -0.176272 0.197083 -0.077043
v -0.155059 0.197083 -0.077043
v -0.173783 -0.031245 -0.072018
v -0.157547 -0.031245 -0.072018
v -0.185263 -0.004458 -0.072018
v -0.146067 -0.004458 -0.072018
v -0.185263 0.170296 -0.072018
v -0.146067 0.170296 -0.072018
v -0.173783 0.197083 -0.072018
v -0.157547 0.197083 -0.072018
v -0.170058 -0.031245 -0.068660
v -0.161272 -0.031245 -0.068660
v -0.191272 0.035631 -0.068660
v -0.140059 0.035631 -0.068660
v -0.191272 0.130207 -0.068660
v -0.140059 0.130207 -0.068660
v -0.170058 0.197083 -0.068660
v -0.161272 0.197083 -0.068660
v -0.165665 -0.031245 -0.067481
v -0.193381 0.082919 -0.067481
v -0.137949 0.082919 -0.067481
v -0.165665 0.197083 -0.067481
v -0.180665 -0.004458 -0.062733
v -0.150665 -0.004458 -0.062733
v -0.180665 0.170296 -0.062733
v -0.150665 0.170296 -0.062733
v -0.173783 -0.004458 -0.056529
v -0.157547 -0.004458 -0.056529
v -0.185263 0.035631 -0.056529
v -0.146067 0.035631 -0.056529
v -0.185263 0.130207 -0.056529
v -0.146067 0.130207 -0.056529
v -0.173783 0.170296 -0.056529
v -0.157547 0.170296 -0.056529
v -0.165665 -0.004458 -0.054351
v -0.186878 0.082919 -0.054351
v -0.144452 0.082919 -0.054351
v -0.165665 0.170296 -0.054351
v -0.176272 0.035631 -0.048424
v -0.155059 0.035631 -0.048424
v -0.176272 0.130207 -0.048424
v -0.155059 0.130207 -0.048424
v -0.165665 0.035631 -0.045578
v -0.177146 0.082919 -0.045578
v -0.154185 0.082919 -0.045578
v -0.165665 0.130207 -0.045578
v -0.165665 0.082919 -0.042497
v -0.142974 -0.251138 -0.052057
v -0.116453 -0.333165 -0.038439
v -0.087975 -0.375038 -0.014789
v -0.102250 -0.360499 -0.000131
v -0.129343 -0.302248 -0.000088
v -0.059538 -0.400815 -0.000012
v -0.055665 0.786802 -0.000000
v -0.175665 0.002134 -0.000000
v -0.156259 -0.193744 0.000000
v -0.088013 -0.375038 0.014431
v -0.116524 -0.332895 0.037808
v -0.143193 -0.250185 0.050924
v -0.165665 0.082919 0.042497
v -0.165665 0.035631 0.045578
v -0.177146 0.082919 0.045578
v -0.154185 0.082919 0.045578
v -0.165665 0.130207 0.045578
v -0.176272 0.035631 0.048424
v -0.155059 0.035631 0.048424
v -0.176272 0.130207 0.048424
v -0.155059 0.130207 0.048424
v -0.165665 -0.004458 0.054351
v -0.186878 0.082919 0.054351
v -0.144452 0.082919 0.054351
v -0.165665 0.170296 0.054351
v -0.173783 -0.004458 0.056530
v -0.157547 -0.004458 0.056530
v -0.185263 0.035631 0.056530
v -0.146067 0.035631 0.056530
v -0.185263 0.130207 0.056530
v -0.146067 0.130207 0.056530
v -0.173783 0.170296 0.056530
v -0.157547 0.170296 0.056530
v -0.180665 -0.004458 0.062733
v -0.150665 -0.004458 0.062733
v -0.180665 0.170296 0.062733
v -0.150665 0.170296 0.062733
v -0.165665 -0.031245 0.067482
v -0.193381 0.082919 0.067482
v -0.137949 0.082919 0.067482
v -0.165665 0.197083 0.067482
v -0.170058 -0.031245 0.068661
v -0.161272 -0.031245 0.068661
v -0.191272 0.035631 0.068661
v -0.140059 0.035631 0.068661
v -0.191272 0.130207 0.068661
v -0.140059 0.130207 0.068661
v -0.170058 0.197083 0.068661
v -0.161272 0.197083 0.068661
v -0.173783 -0.031245 0.072018
v -0.157547 -0.031245 0.072018
v -0.185263 -0.004458 0.072018
v -0.146067 -0.004458 0.072018
v -0.185263 0.170296 0.072018
v -0.146067 0.170296 0.072018
v -0.173783 0.197083 0.072018
v -0.157547 0.197083 0.072018
v -0.176272 -0.031245 0.077043
v -0.155059 -0.031245 0.077043
v -0.176272 0.197083 0.077043
v -0.155059 0.197083 0.077043
v -0.143193 0.236196 0.107111
v -0.165665 -0.040651 0.082970
v -0.177146 -0.031245 0.082970
v -0.154185 -0.031245 0.082970
v -0.186878 -0.004458 0.082970
v -0.144452 -0.004458 0.082970
v -0.193381 0.035631 0.082970
v -0.137949 0.035631 0.082970
v -0.195665 0.082919 0.082970
v -0.135665 0.082919 0.082970
v -0.193381 0.130207 0.082970
v -0.137949 0.130207 0.082970
v -0.186878 0.170296 0.082970
v -0.144452 0.170296 0.082970
v -0.177146 0.197083 0.082970
v -0.154185 0.197083 0.082970
v -0.165665 0.206488 0.082970
v -0.156259 0.160603 0.115134
v -0.176272 -0.031245 0.088897
v -0.155059 -0.031245 0.088897
v -0.176272 0.197083 0.088897
v -0.155059 0.197083 0.088897
v -0.173783 -0.031245 0.093922
v -0.157547 -0.031245 0.093922
v -0.185263 -0.004458 0.093922
v -0.146067 -0.004458 0.093922
v -0.185263 0.170296 0.093922
v -0.146067 0.170296 0.093922
v -0.173783 0.197083 0.093922
v -0.157547 0.197083 0.093922
v -0.170058 -0.031245 0.097279
v -0.161272 -0.031245 0.097279
v -0.191272 0.035631 0.097279
v -0.140059 0.035631 0.097279
v -0.191272 0.130207 0.097279
v -0.140059 0.130207 0.097279
v -0.170058 0.197083 0.097279
v -0.161272 0.197083 0.097279
v -0.165665 -0.031245 0.098458
v -0.193381 0.082919 0.098458
v -0.137949 0.082919 0.098458
v -0.165665 0.197083 0.098458
v -0.180665 -0.004458 0.103206
v -0.150665 -0.004458 0.103206
v -0.180665 0.170296 0.103206
v -0.150665 0.170296 0.103206
v -0.173783 -0.004458 0.109410
v -0.157547 -0.004458 0.109410
v -0.185263 0.035631 0.109410
v -0.146067 0.035631 0.109410
v -0.185263 0.130207 0.109410
v -0.146067 0.130207 0.109410
v -0.173783 0.170296 0.109410
v -0.157547 0.170296 0.109410
v -0.165665 -0.004458 0.111588
v -0.186878 0.082919 0.111588
v -0.144452 0.082919 0.111588
v -0.165665 0.170296 0.111588
v -0.176272 0.035631 0.117516
v -0.155059 0.035631 0.117516
v -0.176272 0.130207 0.117516
v -0.155059 0.130207 0.117516
v -0.165665 0.035631 0.120362
v -0.177146 0.082919 0.120362
v -0.154185 0.082919 0.120362
v -0.165665 0.130207 0.120362
v -0.165665 0.082919 0.123443
v -0.116524 0.295401 0.166338
v -0.129343 0.248333 0.178982
v -0.156259 -0.058396 0.186291
v -0.142974 0.176437 0.190984
v -0.088013 0.315754 0.210021
v -0.102250 0.295433 0.213256
v -0.142974 -0.125640 0.224789
v -0.116453 0.250802 0.228181
v -0.087975 0.298579 0.233661
v -0.059538 0.328118 0.236856
v -0.143193 -0.027405 0.255706
v -0.129343 -0.092009 0.289456
v -0.116453 -0.138038 0.307010
v -0.116524 -0.065438 0.330315
v -0.102250 -0.110051 0.344843
v -0.087975 -0.128484 0.354141
v -0.088013 -0.100694 0.363171
v -0.051793 -0.122395 0.383222
v -0.055665 -0.632676 0.461216
v -0.055665 0.244610 0.746264
v 0.053248 0.244610 0.746264
v 0.053248 -0.632677 0.461216
v 0.057121 -0.122373 0.383230
v 0.085558 -0.100354 0.363282
v 0.085596 -0.128144 0.354253
v 0.099833 -0.109801 0.344925
v 0.114037 -0.064921 0.330766
v 0.114107 -0.137354 0.306948
v 0.126926 -0.091842 0.289512
v 0.140557 -0.026623 0.256962
v 0.049376 0.328132 0.236837
v 0.085596 0.298790 0.233371
v 0.114107 0.250955 0.227512
v 0.140776 -0.124268 0.224232
v 0.099833 0.295586 0.213043
v 0.085558 0.315964 0.209731
v 0.140776 0.176332 0.189507
v 0.153842 -0.058396 0.186291
v 0.126926 0.248435 0.178840
v 0.114037 0.295990 0.165986
v 0.163248 0.082919 0.123443
v 0.163248 0.035631 0.120362
v 0.174729 0.082919 0.120362
v 0.151768 0.082919 0.120362
v 0.163248 0.130207 0.120362
v 0.173855 0.035631 0.117516
v 0.152642 0.035631 0.117516
v 0.173855 0.130207 0.117516
v 0.152642 0.130207 0.117516
v 0.163248 -0.004458 0.111588
v 0.184461 0.082919 0.111588
v 0.142035 0.082919 0.111588
v 0.163248 0.170296 0.111588
v 0.171366 -0.004458 0.109410
v 0.155130 -0.004458 0.109410
v 0.182846 0.035631 0.109410
v 0.143650 0.035631 0.109410
v 0.182846 0.130207 0.109410
v 0.143650 0.130207 0.109410
v 0.171366 0.170296 0.109410
v 0.155130 0.170296 0.109410
v 0.178248 -0.004458 0.103206
v 0.148248 -0.004458 0.103206
v 0.178248 0.170296 0.103206
v 0.148248 0.170296 0.103206
v 0.163248 -0.031245 0.098458
v 0.190964 0.082919 0.098458
v 0.135532 0.082919 0.098458
v 0.163248 0.197083 0.098458
v 0.167641 -0.031245 0.097279
v 0.158855 -0.031245 0.097279
v 0.188855 0.035631 0.097279
v 0.137642 0.035631 0.097279
v 0.188855 0.130207 0.097279
v 0.137642 0.130207 0.097279
v 0.167641 0.197083 0.097279
v 0.158855 0.197083 0.097279
v 0.171366 -0.031245 0.093922
v 0.155130 -0.031245 0.093922
v 0.182846 -0.004458 0.093922
v 0.143650 -0.004458 0.093922
v 0.182846 0.170296 0.093922
v 0.143650 0.170296 0.093922
v 0.171366 0.197083 0.093922
v 0.155130 0.197083 0.093922
v 0.173855 -0.031245 0.088897
v 0.152642 -0.031245 0.088897
v 0.173855 0.197083 0.088897
v 0.152642 0.197083 0.088897
v 0.153842 0.160603 0.115134
v 0.163248 -0.040651 0.082970
v 0.174729 -0.031245 0.082970
v 0.151768 -0.031245 0.082970
v 0.184461 -0.004458 0.082970
v 0.142035 -0.004458 0.082970
v 0.190964 0.035631 0.082970
v 0.135532 0.035631 0.082970
v 0.193248 0.082919 0.082970
v 0.133248 0.082919 0.082970
v 0.190964 0.130207 0.082970
v 0.135532 0.130207 0.082970
v 0.184461 0.170296 0.082970
v 0.142035 0.170296 0.082970
v 0.174729 0.197083 0.082970
v 0.151768 0.197083 0.082970
v 0.163248 0.206488 0.082970
v 0.140557 0.237633 0.106754
v 0.173855 -0.031245 0.077043
v 0.152642 -0.031245 0.077043
v 0.173855 0.197083 0.077043
v 0.152642 0.197083 0.077043
v 0.171366 -0.031245 0.072018
v 0.155130 -0.031245 0.072018
v 0.182846 -0.004458 0.072018
v 0.143650 -0.004458 0.072018
v 0.182846 0.170296 0.072018
v 0.143650 0.170296 0.072018
v 0.171366 0.197083 0.072018
v 0.155130 0.197083 0.072018
v 0.167641 -0.031245 0.068661
v 0.158855 -0.031245 0.068661
v 0.188855 0.035631 0.068661
v 0.137642 0.035631 0.068661
v 0.188855 0.130207 0.068661
v 0.137642 0.130207 0.068661
v 0.167641 0.197083 0.068661
v 0.158855 0.197083 0.068661
v 0.163248 -0.031245 0.067482
v 0.190964 0.082919 0.067482
v 0.135532 0.082919 0.067482
v 0.163248 0.197083 0.067482
v 0.178248 -0.004458 0.062733
v 0.148248 -0.004458 0.062733
v 0.178248 0.170296 0.062733
v 0.148248 0.170296 0.062733
v 0.171366 -0.004458 0.056530
v 0.155130 -0.004458 0.056530
v 0.182846 0.035631 0.056530
v 0.143650 0.035631 0.056530
v 0.182846 0.130207 0.056530
v 0.143650 0.130207 0.056530
v 0.171366 0.170296 0.056530
v 0.155130 0.170296 0.056530
v 0.163248 -0.004458 0.054351
v 0.184461 0.082919 0.054351
v 0.142035 0.082919 0.054351
v 0.163248 0.170296 0.054351
v 0.173855 0.035631 0.048424
v 0.152642 0.035631 0.048424
v 0.173855 0.130207 0.048424
v 0.152642 0.130207 0.048424
v 0.163248 0.035631 0.045578
v 0.174729 0.082919 0.045578
v 0.151768 0.082919 0.045578
v 0.163248 0.130207 0.045578
v 0.163248 0.082919 0.042497
v 0.140557 -0.251138 0.052057
v 0.114037 -0.333165 0.038439
v 0.085558 -0.375038 0.014789
v 0.099833 -0.360499 0.000131
v 0.126926 -0.302248 0.000088
v 0.057121 -0.400815 0.000012
v 0.053248 0.786802 0.000000
v 0.173248 0.002134 -0.000000
v 0.153842 -0.193744 -0.000000
v 0.085596 -0.375038 -0.014431
v 0.114107 -0.332895 -0.037808
v 0.140776 -0.250184 -0.050924
v 0.163248 0.082919 -0.042497
v 0.163248 0.035631 -0.045578
v 0.174729 0.082919 -0.045578
v 0.151768 0.082919 -0.045578
v 0.163248 0.130207 -0.045578
v 0.173855 0.035631 -0.048424
v 0.152642 0.035631 -0.048424
v 0.173855 0.130207 -0.048424
v 0.152642 0.130207 -0.048424
v 0.163248 -0.004458 -0.054351
v 0.184461 0.082919 -0.054351
v 0.142035 0.082919 -0.054351
v 0.163248 0.170296 -0.054351
v 0.171366 -0.004458 -0.056529
v 0.155130 -0.004458 -0.056529
v 0.182846 0.035631 -0.056529
v 0.143650 0.035631 -0.056529
v 0.182846 0.130207 -0.056529
v 0.143650 0.130207 -0.056529
v 0.171366 0.170296 -0.056529
v 0.155130 0.170296 -0.056529
v 0.178248 -0.004458 -0.062733
v 0.148248 -0.004458 -0.062733
v 0.178248 0.170296 -0.062733
v 0.148248 0.170296 -0.062733
v 0.163248 -0.031245 -0.067481
v 0.190964 0.082919 -0.067481
v 0.135532 0.082919 -0.067481
v 0.163248 0.197083 -0.067481
v 0.167641 -0.031245 -0.068660
v 0.158855 -0.031245 -0.068660
v 0.188855 0.035631 -0.068660
v 0.137642 0.035631 -0.068660
v 0.188855 0.130207 -0.068660
v 0.137642 0.130207 -0.068660
v 0.167641 0.197083 -0.068660
v 0.158855 0.197083 -0.068660
v 0.171366 -0.031245 -0.072018
v 0.155130 -0.031245 -0.072018
v 0.182846 -0.004458 -0.072018
v 0.143650 -0.004458 -0.072018
v 0.182846 0.170296 -0.072018
v 0.143650 0.170296 -0.072018
v 0.171366 0.197083 -0.072018
v 0.155130 0.197083 -0.072018
v 0.173855 -0.031245 -0.077043
v 0.152642 -0.031245 -0.077043
v 0.173855 0.197083 -0.077043
v 0.152642 0.197083 -0.077043
v 0.140776 0.236196 -0.107111
v 0.163248 -0.040651 -0.082970
v 0.174729 -0.031245 -0.082970
v 0.151768 -0.031245 -0.082970
v 0.184461 -0.004458 -0.082970
v 0.142035 -0.004458 -0.082970
v 0.190964 0.035631 -0.082970
v 0.135532 0.035631 -0.082970
v 0.193248 0.082919 -0.082970
v 0.133248 0.082919 -0.082970
v 0.190964 0.130207 -0.082970
v 0.135532 0.130207 -0.082970
v 0.184461 0.170296 -0.082970
v 0.142035 0.170296 -0.082970
v 0.174729 0.197083 -0.082970
v 0.151768 0.197083 -0.082970
v 0.163248 0.206488 -0.082970
v 0.153842 0.160603 -0.115134
v 0.173855 -0.031245 -0.088897
v 0.152642 -0.031245 -0.088897
v 0.173855 0.197083 -0.088897
v 0.152642 0.197083 -0.088897
v 0.171366 -0.031245 -0.093922
v 0.155130 -0.031245 -0.093922
v 0.182846 -0.004458 -0.093922
v 0.143650 -0.004458 -0.093922
v 0.182846 0.170296 -0.093922
v 0.143650 0.170296 -0.093922
v 0.171366 0.197083 -0.093922
v 0.155130 0.197083 -0.093922
v 0.167641 -0.031245 -0.097279
v 0.158855 -0.031245 -0.097279
v 0.188855 0.035631 -0.097279
v 0.137642 0.035631 -0.097279
v 0.188855 0.130207 -0.097279
v 0.137642 0.130207 -0.097279
v 0.167641 0.197083 -0.097279
v 0.158855 0.197083 -0.097279
v 0.163248 -0.031245 -0.098458
v 0.190964 0.082919 -0.098458
v 0.135532 0.082919 -0.098458
v 0.163248 0.197083 -0.098458
v 0.178248 -0.004458 -0.103206
v 0.148248 -0.004458 -0.103206
v 0.178248 0.170296 -0.103206
v 0.148248 0.170296 -0.103206
v 0.171366 -0.004458 -0.109410
v 0.155130 -0.004458 -0.109410
v 0.182846 0.035631 -0.109410
v 0.143650 0.035631 -0.109410
v 0.182846 0.130207 -0.109410
v 0.143650 0.130207 -0.109410
v 0.171366 0.170296 -0.109410
v 0.155130 0.170296 -0.109410
v 0.163248 -0.004458 -0.111588
v 0.184461 0.082919 -0.111588
v 0.142035 0.082919 -0.111588
v 0.163248 0.170296 -0.111588
v 0.173855 0.035631 -0.117516
v 0.152642 0.035631 -0.117516
v 0.173855 0.130207 -0.117516
v 0.152642 0.130207 -0.117516
v 0.163248 0.035631 -0.120362
v 0.174729 0.082919 -0.120362
v 0.151768 0.082919 -0.120362
v 0.163248 0.130207 -0.120362
v 0.163248 0.082919 -0.123443
v 0.114107 0.295401 -0.166338
v 0.126926 0.248333 -0.178982
v 0.153842 -0.058396 -0.186291
v 0.140557 0.176437 -0.190984
v 0.085596 0.315754 -0.210021
v 0.099833 0.295433 -0.213256
v 0.140557 -0.125640 -0.224790
v 0.114036 0.250802 -0.228181
v 0.085558 0.298579 -0.233661
v 0.057121 0.328118 -0.236856
v 0.140776 -0.027405 -0.255706
v 0.126926 -0.092009 -0.289456
v 0.114037 -0.138038 -0.307010
v 0.114107 -0.065438 -0.330315
v 0.099833 -0.110051 -0.344843
v 0.085558 -0.128484 -0.354141
v 0.085596 -0.100694 -0.363171
v 0.049376 -0.122395 -0.383222
v 0.053248 -0.632676 -0.461216
v 0.053248 0.244610 -0.746264
vn -0.0000 0.0980 -0.9952
vn -0.0000 -0.4714 -0.8819
vn -0.0000 -0.6344 -0.7730
vn -0.0000 -0.7730 -0.6344
vn -0.0000 -0.8819 -0.4714
vn -0.0000 -0.9569 -0.2903
vn -0.0000 -0.9952 -0.0980
vn -0.0000 -0.9952 0.0980
vn -0.0000 -0.9569 0.2903
vn -0.0000 -0.8819 0.4714
vn -0.0000 -0.7730 0.6344
vn -0.0000 -0.6344 0.7730
vn -0.0000 -0.4714 0.8819
vn -0.0000 -0.2903 0.9569
vn -0.0000 -0.0980 0.9952
vn -0.0000 0.0980 0.9952
vn -0.0000 0.2903 0.9569
vn -0.0000 0.4714 0.8819
vn -0.0000 0.6344 0.7730
vn -0.0000 0.7730 0.6344
vn -0.0000 0.8819 0.4714
vn -0.0000 0.9569 0.2903
vn -0.0000 0.9952 0.0980
vn -0.0000 0.9952 -0.0980
vn -0.0000 0.9569 -0.2903
vn -0.0000 0.8819 -0.4714
vn -0.0000 0.7730 -0.6344
vn -0.0000 0.6344 -0.7730
vn -0.0000 0.4714 -0.8819
vn -0.0000 0.2903 -0.9569
vn -0.0000 -0.2903 -0.9569
vn -1.0000 -0.0000 -0.0000
vn -0.0000 -0.0980 -0.9952
vn 1.0000 -0.0000 -0.0000
vn -0.9946 -0.0101 -0.1029
vn 0.9946 -0.0101 -0.1029
vn -0.9946 -0.0300 -0.0990
vn 0.9946 -0.0300 -0.0990
vn -0.9946 -0.0488 -0.0912
vn 0.9946 -0.0488 -0.0912
vn -0.9946 -0.0656 -0.0799
vn 0.9946 -0.0656 -0.0799
vn -0.9946 -0.0799 -0.0656
vn 0.9946 -0.0799 -0.0656
vn -0.9946 -0.0912 -0.0488
vn 0.9946 -0.0912 -0.0488
vn -0.9946 -0.0990 -0.0300
vn 0.9946 -0.0990 -0.0300
vn -0.9946 -0.1029 -0.0101
vn 0.9946 -0.1029 -0.0101
vn -0.9946 -0.1029 0.0101
vn 0.9946 -0.1029 0.0101
vn -0.9946 -0.0990 0.0300
vn 0.9946 -0.0990 0.0300
vn -0.9946 -0.0912 0.0488
vn 0.9946 -0.0912 0.0488
vn -0.9946 -0.0799 0.0656
vn 0.9946 -0.0799 0.0656
vn -0.9946 -0.0656 0.0799
vn 0.9946 -0.0656 0.0799
vn -0.9946 -0.0488 0.0912
vn 0.9946 -0.0488 0.0912
vn -0.9946 -0.0300 0.0990
vn 0.9946 -0.0300 0.0990
vn -0.9946 -0.0101 0.1029
vn 0.9946 -0.0101 0.1029
vn -0.9946 0.0101 0.1029
vn 0.9946 0.0101 0.1029
vn -0.9946 0.0300 0.0990
vn 0.9946 0.0300 0.0990
vn -0.9946 0.0488 0.0912
vn 0.9946 0.0488 0.0912
vn -0.9946 0.0656 0.0799
vn 0.9946 0.0656 0.0799
vn -0.9946 0.0799 0.0656
vn 0.9946 0.0799 0.0656
vn -0.9946 0.0912 0.0488
vn 0.9946 0.0912 0.0488
vn -0.9946 0.0990 0.0300
vn 0.9946 0.0990 0.0300
vn -0.9946 0.1029 0.0101
vn 0.9946 0.1029 0.0101
vn -0.9946 0.1029 -0.0101
vn 0.9946 0.1029 -0.0101
vn -0.9946 0.0990 -0.0300
vn 0.9946 0.0990 -0.0300
vn -0.9946 0.0912 -0.0488
vn 0.9946 0.0912 -0.0488
vn -0.9946 0.0799 -0.0656
vn 0.9946 0.0799 -0.0656
vn -0.9946 0.0656 -0.0799
vn 0.9946 0.0656 -0.0799
vn -0.9946 0.0488 -0.0912
vn 0.9946 0.0488 -0.0912
vn -0.9946 0.0300 -0.0990
vn 0.9946 0.0300 -0.0990
vn -0.9946 0.0101 -0.1029
vn 0.9946 0.0101 -0.1029
vn 0.3618 0.6591 -0.6593
vn -0.0000 0.6765 -0.7364
vn -0.0000 1.0000 -0.0000
vn 0.6256 0.6220 -0.4709
vn 0.7704 0.5908 -0.2398
vn 0.8152 0.5791 -0.0000
vn 0.7704 0.5907 0.2397
vn 0.6256 0.6220 0.4708
vn 0.3619 0.6591 0.6593
vn -0.0000 0.6765 0.7364
vn -0.3618 0.6591 0.6593
vn -0.6256 0.6220 0.4709
vn -0.7704 0.5908 0.2398
vn -0.8152 0.5791 -0.0000
vn -0.7704 0.5907 -0.2397
vn -0.6256 0.6220 -0.4708
vn -0.3619 0.6591 -0.6593
vn 0.4543 0.3144 -0.8335
vn -0.0000 0.3297 -0.9441
vn 0.7646 0.2840 -0.5785
vn 0.9216 0.2604 -0.2879
vn 0.9677 0.2521 -0.0000
vn 0.9216 0.2604 0.2879
vn 0.7646 0.2839 0.5786
vn 0.4542 0.3144 0.8336
vn -0.0000 0.3297 0.9441
vn -0.4542 0.3144 0.8336
vn -0.7646 0.2839 0.5786
vn -0.9216 0.2604 0.2879
vn -0.9677 0.2521 -0.0000
vn -0.9216 0.2603 -0.2879
vn -0.7646 0.2840 -0.5785
vn -0.4543 0.3144 -0.8335
vn 0.4735 0.1327 -0.8707
vn -0.0000 0.1397 -0.9902
vn 0.7914 0.1187 -0.5996
vn 0.9488 0.1081 -0.2967
vn 0.9945 0.1043 -0.0000
vn 0.9488 0.1080 0.2967
vn 0.7914 0.1187 0.5996
vn 0.4735 0.1327 0.8708
vn -0.0000 0.1398 0.9902
vn -0.4734 0.1326 0.8708
vn -0.7914 0.1187 0.5996
vn -0.9488 0.1080 0.2968
vn -0.9946 0.1038 -0.0000
vn -0.9488 0.1080 -0.2967
vn -0.7915 0.1187 -0.5996
vn -0.4735 0.1327 -0.8707
vn 0.4776 -0.0000 -0.8786
vn -0.0000 -0.0000 -1.0000
vn 0.7969 -0.0000 -0.6041
vn 0.9544 -0.0000 -0.2986
vn 0.9544 -0.0000 0.2985
vn 0.7970 -0.0000 0.6040
vn 0.4775 -0.0000 0.8786
vn -0.0000 -0.0000 1.0000
vn -0.4775 -0.0000 0.8787
vn -0.7969 -0.0000 0.6041
vn -0.9544 -0.0000 0.2985
vn -0.9543 -0.0000 -0.2988
vn -0.7969 -0.0000 -0.6041
vn -0.4775 -0.0000 -0.8786
vn 0.4734 -0.1326 -0.8708
vn -0.0000 -0.1396 -0.9902
vn 0.7915 -0.1187 -0.5996
vn 0.9488 -0.1080 -0.2968
vn 0.9945 -0.1044 -0.0000
vn 0.9488 -0.1081 0.2967
vn 0.7914 -0.1187 0.5996
vn 0.4735 -0.1327 0.8707
vn -0.0000 -0.1398 0.9902
vn -0.4735 -0.1327 0.8708
vn -0.7914 -0.1187 0.5997
vn -0.9488 -0.1080 0.2967
vn -0.9945 -0.1045 -0.0000
vn -0.9488 -0.1079 -0.2970
vn -0.7914 -0.1187 -0.5997
vn -0.4735 -0.1327 -0.8708
vn 0.4543 -0.3144 -0.8335
vn -0.0000 -0.3297 -0.9441
vn 0.7646 -0.2840 -0.5785
vn 0.9216 -0.2604 -0.2879
vn 0.9677 -0.2521 -0.0000
vn 0.9216 -0.2604 0.2879
vn 0.7646 -0.2838 0.5786
vn 0.4543 -0.3144 0.8335
vn -0.0000 -0.3297 0.9441
vn -0.4542 -0.3144 0.8336
vn -0.7646 -0.2839 0.5786
vn -0.9216 -0.2604 0.2879
vn -0.9677 -0.2521 -0.0000
vn -0.9216 -0.2604 -0.2879
vn -0.7646 -0.2838 -0.5786
vn -0.4543 -0.3144 -0.8335
vn 0.3618 -0.6591 -0.6593
vn -0.0000 -0.6765 -0.7364
vn 0.6256 -0.6220 -0.4709
vn 0.7704 -0.5907 -0.2398
vn 0.8152 -0.5791 -0.0000
vn 0.7704 -0.5907 0.2397
vn 0.6256 -0.6220 0.4709
vn 0.3619 -0.6591 0.6593
vn -0.0000 -0.6766 0.7364
vn -0.3618 -0.6591 0.6593
vn -0.6256 -0.6220 0.4709
vn -0.7704 -0.5907 0.2398
vn -0.8152 -0.5792 -0.0000
vn -0.7704 -0.5907 -0.2397
vn -0.6256 -0.6220 -0.4709
vn -0.3619 -0.6591 -0.6593
vn -0.0000 -1.0000 -0.0000
vn 0.3620 0.6591 0.6593
vn 0.6257 0.6220 0.4708
vn 0.7704 0.5907 -0.2397
vn 0.6257 0.6220 -0.4708
vn 0.3620 0.6591 -0.6593
vn -0.3620 0.6591 -0.6593
vn -0.6257 0.6220 -0.4708
vn -0.7704 0.5907 0.2397
vn -0.6257 0.6220 0.4708
vn -0.3620 0.6591 0.6593
vn 0.4543 0.3144 0.8335
vn 0.7647 0.2839 0.5785
vn 0.7647 0.2839 -0.5785
vn 0.4542 0.3144 -0.8336
vn -0.0000 0.3298 -0.9441
vn -0.7647 0.2839 -0.5785
vn -0.9216 0.2604 -0.2879
vn -0.4543 0.3144 0.8335
vn 0.4734 0.1326 0.8708
vn 0.7915 0.1187 0.5996
vn 0.9488 0.1080 0.2969
vn 0.7915 0.1187 -0.5996
vn -0.7913 0.1186 -0.5998
vn -0.9488 0.1079 -0.2969
vn -0.9945 0.1043 -0.0000
vn -0.9488 0.1081 0.2967
vn -0.7914 0.1187 0.5997
vn -0.4735 0.1327 0.8708
vn 0.4776 -0.0000 0.8786
vn 0.7969 -0.0000 0.6041
vn 0.9544 -0.0000 -0.2985
vn 0.7970 -0.0000 -0.6040
vn 0.4775 -0.0000 -0.8786
vn -0.9544 -0.0000 -0.2986
vn -0.9543 -0.0000 0.2990
vn -0.7970 -0.0000 0.6040
vn -0.4775 -0.0000 0.8786
vn -0.0000 -0.1397 0.9902
vn 0.9488 -0.1081 0.2966
vn 0.9946 -0.1038 -0.0000
vn 0.9488 -0.1080 -0.2969
vn 0.7914 -0.1187 -0.5996
vn 0.4735 -0.1327 -0.8707
vn -0.0000 -0.1397 -0.9902
vn -0.4734 -0.1326 -0.8708
vn -0.9488 -0.1081 -0.2966
vn -0.9946 -0.1038 -0.0000
vn -0.7914 -0.1187 0.5996
vn 0.4542 -0.3144 0.8336
vn 0.7646 -0.2840 0.5785
vn 0.9216 -0.2603 -0.2879
vn 0.7646 -0.2838 -0.5786
vn -0.7646 -0.2839 -0.5786
vn -0.7646 -0.2840 0.5785
vn -0.4543 -0.3144 0.8335
vn -0.0000 -0.6765 0.7364
vn 0.6256 -0.6220 0.4708
vn 0.8152 -0.5792 -0.0000
vn 0.7704 -0.5907 -0.2397
vn 0.6256 -0.6220 -0.4708
vn 0.3619 -0.6591 -0.6593
vn -0.0000 -0.6766 -0.7364
vn -0.6256 -0.6220 -0.4708
vn -0.7704 -0.5908 -0.2397
vn -0.7704 -0.5908 0.2397
vn -0.6256 -0.6220 0.4708
vn -0.3619 -0.6591 0.6593
vn -0.9751 -0.2179 -0.0399
vn -0.9902 -0.1382 0.0220
vn -0.9902 -0.0635 -0.1244
vn -0.9718 -0.0985 -0.2143
vn -0.9614 -0.2225 -0.1618
vn -0.9751 -0.0294 -0.2196
vn -0.9902 0.0987 -0.0988
vn -0.9718 0.1734 -0.1599
vn -0.9596 0.0927 -0.2657
vn -0.9751 0.1998 -0.0958
vn -0.9902 0.1245 0.0633
vn -0.9718 0.2056 0.1155
vn -0.9596 0.2814 -0.0059
vn -0.9751 0.1528 0.1604
vn -0.9902 -0.0218 0.1379
vn -0.9718 -0.0463 0.2313
vn -0.9596 0.0812 0.2694
vn -0.9751 -0.1053 0.1949
vn -0.9718 -0.2343 0.0274
vn -0.9596 -0.2242 0.1702
vn -0.9013 -0.4331 -0.0025
vn -0.9476 -0.3195 0.0006
vn -0.1909 -0.9816 -0.0006
vn -0.7652 -0.6404 -0.0663
vn -0.7639 -0.6419 0.0668
vn -0.7977 -0.6030 -0.0005
vn -0.9003 -0.4353 0.0057
vn -0.0712 -0.3089 0.9484
vn -0.7346 -0.2813 0.6174
vn -0.7332 -0.1355 0.6664
vn -0.7977 -0.1869 0.5733
vn -0.9013 -0.1363 0.4111
vn -0.9003 -0.1291 0.4157
vn -0.9476 -0.0980 0.3041
vn -0.1909 0.7938 0.5774
vn -0.7652 0.4791 0.4300
vn -0.7639 0.5586 0.3233
vn -0.7977 0.4875 0.3549
vn -0.9013 0.3489 0.2566
vn -0.9003 0.3555 0.2512
vn -0.9476 0.2589 0.1872
vn -0.0712 0.8074 -0.5857
vn -0.7346 0.5905 -0.3342
vn -0.7332 0.5014 -0.4595
vn -0.7977 0.4882 -0.3540
vn -0.9013 0.3519 -0.2525
vn -0.9003 0.3488 -0.2604
vn -0.9476 0.2581 -0.1884
vn -0.1909 -0.3028 -0.9337
vn -0.7652 -0.1348 -0.6295
vn -0.7639 -0.2619 -0.5899
vn -0.7977 -0.1858 -0.5736
vn -0.9013 -0.1314 -0.4127
vn -0.9003 -0.1399 -0.4122
vn -0.9476 -0.0994 -0.3036
vn 0.7704 0.5907 -0.2398
vn -0.7646 0.2840 0.5785
vn -0.7646 0.2839 -0.5786
vn -0.4542 0.3144 -0.8336
vn 0.7646 0.2839 -0.5786
vn 0.9216 0.2603 0.2879
vn 0.7646 0.2840 0.5785
vn -0.4735 0.1327 0.8707
vn -0.0000 0.1397 0.9902
vn -0.7914 0.1187 -0.5996
vn -0.4735 0.1327 -0.8708
vn -0.0000 0.1398 -0.9902
vn 0.4734 0.1326 -0.8708
vn 0.9488 0.1080 -0.2969
vn 0.9946 0.1038 -0.0000
vn 0.4735 0.1327 0.8707
vn -0.4776 -0.0000 0.8786
vn -0.9544 -0.0000 0.2986
vn -0.9544 -0.0000 -0.2985
vn -0.7970 -0.0000 -0.6040
vn 0.4775 -0.0000 -0.8787
vn 0.9543 -0.0000 0.2990
vn -0.4734 -0.1326 0.8708
vn -0.0000 -0.1395 0.9902
vn -0.7915 -0.1187 0.5996
vn -0.9488 -0.1080 0.2968
vn -0.9945 -0.1044 -0.0000
vn -0.9488 -0.1081 -0.2967
vn -0.7914 -0.1187 -0.5996
vn -0.4735 -0.1327 -0.8707
vn -0.0000 -0.1398 -0.9902
vn 0.4735 -0.1327 -0.8708
vn 0.7914 -0.1187 -0.5997
vn 0.9488 -0.1080 -0.2967
vn 0.9945 -0.1045 -0.0000
vn 0.9488 -0.1079 0.2970
vn 0.7914 -0.1187 0.5997
vn 0.4735 -0.1327 0.8708
vn 0.4542 -0.3144 -0.8336
vn 0.7646 -0.2839 -0.5786
vn -0.8152 -0.5791 -0.0000
vn -0.7647 0.2839 0.5785
vn -0.0000 0.3298 0.9441
vn 0.7646 0.2839 0.5785
vn -0.4734 0.1326 -0.8708
vn 0.7913 0.1186 0.5998
vn 0.9488 0.1079 0.2970
vn 0.7914 0.1187 -0.5997
vn 0.4735 0.1327 -0.8708
vn -0.4776 -0.0000 -0.8786
vn -0.7969 -0.0000 -0.6042
vn 0.9544 -0.0000 0.2986
vn 0.9541 -0.0000 -0.2995
vn -0.9489 -0.1081 -0.2966
vn -0.9488 -0.1079 0.2970
vn -0.4735 -0.1327 0.8707
vn 0.4734 -0.1326 0.8708
vn -0.4542 -0.3144 -0.8336
vn -0.7646 -0.2840 -0.5785
vn -0.9216 -0.2603 0.2879
vn -0.7646 -0.2838 0.5786
vn 0.7646 -0.2839 0.5786
vn -0.7704 -0.5907 0.2397
vn 0.7704 -0.5908 0.2397
vn 0.7704 -0.5908 -0.2397
vn 0.9751 -0.2179 0.0399
vn 0.9902 -0.1382 -0.0220
vn 0.9902 -0.0635 0.1244
vn 0.9718 -0.0985 0.2143
vn 0.9614 -0.2225 0.1618
vn 0.9751 -0.0294 0.2196
vn 0.9902 0.0987 0.0988
vn 0.9718 0.1734 0.1599
vn 0.9596 0.0927 0.2657
vn 0.9751 0.1998 0.0958
vn 0.9902 0.1245 -0.0633
vn 0.9718 0.2056 -0.1155
vn 0.9596 0.2814 0.0059
vn 0.9751 0.1528 -0.1604
vn 0.9902 -0.0218 -0.1379
vn 0.9718 -0.0463 -0.2313
vn 0.9596 0.0812 -0.2694
vn 0.9751 -0.1053 -0.1949
vn 0.9718 -0.2343 -0.0274
vn 0.9596 -0.2242 -0.1702
vn 0.9013 -0.4331 0.0025
vn 0.9476 -0.3195 -0.0006
vn 0.1909 -0.9816 0.0005
vn 0.7652 -0.6404 0.0663
vn 0.7639 -0.6419 -0.0668
vn 0.7977 -0.6030 0.0005
vn 0.9003 -0.4353 -0.0057
vn 0.0712 -0.3089 -0.9484
vn 0.7346 -0.2813 -0.6174
vn 0.7332 -0.1355 -0.6664
vn 0.7977 -0.1869 -0.5733
vn 0.9013 -0.1363 -0.4111
vn 0.9003 -0.1291 -0.4157
vn 0.9476 -0.0980 -0.3041
vn 0.1909 0.7938 -0.5774
vn 0.7652 0.4791 -0.4300
vn 0.7639 0.5586 -0.3233
vn 0.7977 0.4875 -0.3549
vn 0.9013 0.3489 -0.2566
vn 0.9003 0.3555 -0.2512
vn 0.9476 0.2589 -0.1872
vn 0.0712 0.8074 0.5857
vn 0.7346 0.5905 0.3342
vn 0.7332 0.5014 0.4595
vn 0.7977 0.4882 0.3540
vn 0.9013 0.3519 0.2525
vn 0.9003 0.3488 0.2604
vn 0.9476 0.2581 0.1884
vn 0.1909 -0.3028 0.9337
vn 0.7652 -0.1348 0.6295
vn 0.7639 -0.2619 0.5899
vn 0.7977 -0.1858 0.5736
vn 0.9013 -0.1314 0.4127
vn 0.9003 -0.1399 0.4122
vn 0.9476 -0.0994 0.3036
vt 0.402455 0.449453
vt 0.402455 0.551348
vt 0.500000 0.551348
vt 0.500000 0.449453
vt 0.691342 0.449453
vt 0.691342 0.551348
vt 0.777785 0.551348
vt 0.777785 0.449453
vt 0.853553 0.551348
vt 0.853553 0.449453
vt 0.833440 0.449453
vt 0.833440 0.551348
vt 0.757672 0.551348
vt 0.757672 0.449453
vt 0.671229 0.551348
vt 0.671229 0.449453
vt 0.577432 0.551348
vt 0.577432 0.449453
vt 0.479887 0.551348
vt 0.479887 0.449453
vt 0.382342 0.551348
vt 0.382342 0.449453
vt 0.288545 0.551348
vt 0.288545 0.449453
vt 0.202102 0.551348
vt 0.202102 0.449453
vt 0.126334 0.551348
vt 0.126334 0.449453
vt 0.597545 0.551348
vt 0.597545 0.449453
vt 0.308658 0.551348
vt 0.308658 0.449453
vt 0.222215 0.551348
vt 0.222215 0.449453
vt 0.146447 0.551348
vt 0.146447 0.449453
vt 0.744873 0.551348
vt 0.811664 0.551348
vt 0.811664 0.533210
vt 0.744873 0.533210
vt 0.648558 0.551348
vt 0.565875 0.551348
vt 0.565875 0.533210
vt 0.648558 0.533210
vt 0.414012 0.449453
vt 0.500000 0.467590
vt 0.414012 0.467590
vt 0.414012 0.551348
vt 0.414012 0.533210
vt 0.500000 0.533210
vt 0.668671 0.551348
vt 0.585988 0.551348
vt 0.585988 0.533210
vt 0.668671 0.533210
vt 0.668671 0.449453
vt 0.744873 0.449453
vt 0.744873 0.467590
vt 0.668671 0.467590
vt 0.811664 0.449453
vt 0.811664 0.467590
vt 0.791551 0.449453
vt 0.724760 0.449453
vt 0.724760 0.467590
vt 0.791551 0.467590
vt 0.724760 0.551348
vt 0.791551 0.551348
vt 0.791551 0.533210
vt 0.724760 0.533210
vt 0.648558 0.449453
vt 0.648558 0.467590
vt 0.565875 0.449453
vt 0.565875 0.467590
vt 0.479887 0.467590
vt 0.479887 0.533210
vt 0.393899 0.449453
vt 0.393899 0.467590
vt 0.393899 0.551348
vt 0.393899 0.533210
vt 0.311216 0.449453
vt 0.311216 0.467590
vt 0.311216 0.551348
vt 0.311216 0.533210
vt 0.235014 0.449453
vt 0.235014 0.467590
vt 0.235014 0.551348
vt 0.235014 0.533210
vt 0.168223 0.449453
vt 0.168223 0.467590
vt 0.168223 0.551348
vt 0.168223 0.533210
vt 0.750455 0.125167
vt 0.818769 0.181231
vt 0.846448 0.153552
vt 0.772203 0.092620
vt 0.585988 0.449453
vt 0.585988 0.467590
vt 0.331329 0.449453
vt 0.331329 0.467590
vt 0.331329 0.551348
vt 0.331329 0.533210
vt 0.255127 0.449453
vt 0.255127 0.467590
vt 0.255127 0.551348
vt 0.255127 0.533210
vt 0.188336 0.449453
vt 0.188336 0.467590
vt 0.188336 0.551348
vt 0.188336 0.533210
vt 0.083508 0.672517
vt 0.057855 0.587948
vt 0.019463 0.595585
vt 0.047344 0.687496
vt 0.587948 0.942145
vt 0.500000 0.950808
vt 0.500000 0.989952
vt 0.595585 0.980537
vt 0.125167 0.750455
vt 0.092620 0.772202
vt 0.672517 0.083508
vt 0.687496 0.047344
vt 0.412052 0.942145
vt 0.404415 0.980537
vt 0.181231 0.818769
vt 0.153552 0.846448
vt 0.587948 0.057855
vt 0.595585 0.019463
vt 0.672517 0.916492
vt 0.687496 0.952656
vt 0.249545 0.874833
vt 0.227797 0.907380
vt 0.500000 0.049192
vt 0.500000 0.010048
vt 0.750455 0.874833
vt 0.772203 0.907380
vt 0.327483 0.916492
vt 0.312504 0.952656
vt 0.412052 0.057855
vt 0.404415 0.019463
vt 0.818769 0.818769
vt 0.846448 0.846448
vt 0.327483 0.083508
vt 0.312504 0.047344
vt 0.874833 0.750455
vt 0.907380 0.772202
vt 0.249545 0.125167
vt 0.227797 0.092620
vt 0.916492 0.672517
vt 0.952656 0.687496
vt 0.181231 0.181231
vt 0.153552 0.153552
vt 0.942145 0.587948
vt 0.980537 0.595585
vt 0.125167 0.249545
vt 0.092620 0.227797
vt 0.950808 0.500000
vt 0.989952 0.500000
vt 0.083508 0.327483
vt 0.047344 0.312504
vt 0.942145 0.412052
vt 0.980537 0.404415
vt 0.057855 0.412052
vt 0.019463 0.404415
vt 0.916492 0.327483
vt 0.952656 0.312504
vt 0.049192 0.500000
vt 0.010048 0.500000
vt 0.874833 0.249545
vt 0.907380 0.227797
vt 0.500000 1.000000
vt 0.597545 0.990393
vt 0.691342 0.961940
vt 0.777785 0.915735
vt 0.853553 0.853553
vt 0.915735 0.777785
vt 0.961940 0.691342
vt 0.990393 0.597545
vt 1.000000 0.500000
vt 0.990393 0.402455
vt 0.961940 0.308658
vt 0.915735 0.222215
vt 0.853553 0.146447
vt 0.777785 0.084265
vt 0.691342 0.038060
vt 0.597545 0.009607
vt 0.500000 0.000000
vt 0.402455 0.009607
vt 0.308658 0.038060
vt 0.222215 0.084265
vt 0.146447 0.146447
vt 0.084265 0.222215
vt 0.038060 0.308658
vt 0.009607 0.402455
vt 0.000000 0.500000
vt 0.009607 0.597545
vt 0.038060 0.691342
vt 0.084265 0.777785
vt 0.146447 0.853553
vt 0.222215 0.915735
vt 0.308658 0.961940
vt 0.402455 0.990393
vt 0.585988 0.932290
vt 0.500000 0.940759
vt 0.668671 0.907208
vt 0.744873 0.866478
vt 0.811664 0.811664
vt 0.866478 0.744873
vt 0.907208 0.668671
vt 0.932290 0.585988
vt 0.940759 0.500000
vt 0.932290 0.414012
vt 0.907208 0.331329
vt 0.866478 0.255127
vt 0.811664 0.188336
vt 0.744873 0.133522
vt 0.668671 0.092792
vt 0.585988 0.067710
vt 0.500000 0.059241
vt 0.414012 0.067710
vt 0.331329 0.092792
vt 0.255127 0.133522
vt 0.188336 0.188336
vt 0.133522 0.255127
vt 0.092792 0.331329
vt 0.067710 0.414012
vt 0.059241 0.500000
vt 0.067710 0.585988
vt 0.092792 0.668671
vt 0.133522 0.744873
vt 0.188336 0.811664
vt 0.255127 0.866478
vt 0.331329 0.907208
vt 0.414012 0.932290
vt 0.500000 0.940759
vt 0.584028 0.922435
vt 0.500000 0.930711
vt 0.500000 0.930711
vt 0.584028 0.922435
vt 0.664826 0.897925
vt 0.664826 0.897925
vt 0.739290 0.858123
vt 0.804558 0.804558
vt 0.858123 0.739290
vt 0.897925 0.664826
vt 0.922435 0.584028
vt 0.930711 0.500000
vt 0.922435 0.415972
vt 0.897925 0.335174
vt 0.858123 0.260710
vt 0.804558 0.195442
vt 0.739290 0.141877
vt 0.664826 0.102075
vt 0.664826 0.102075
vt 0.584028 0.077565
vt 0.584028 0.077565
vt 0.500000 0.059241
vt 0.500000 0.069289
vt 0.500000 0.069289
vt 0.415973 0.077565
vt 0.415972 0.077565
vt 0.335174 0.102075
vt 0.335174 0.102075
vt 0.255127 0.133522
vt 0.260710 0.141877
vt 0.260710 0.141877
vt 0.195441 0.195442
vt 0.195442 0.195442
vt 0.141877 0.260710
vt 0.102075 0.335174
vt 0.077565 0.415972
vt 0.069289 0.500000
vt 0.077565 0.584028
vt 0.102075 0.664826
vt 0.141877 0.739290
vt 0.195441 0.804558
vt 0.195442 0.804558
vt 0.255127 0.866478
vt 0.260710 0.858123
vt 0.260710 0.858123
vt 0.335174 0.897925
vt 0.335174 0.897925
vt 0.415973 0.922435
vt 0.415972 0.922435
vt 0.445557 0.419769
vt 0.446146 0.417573
vt 0.438402 0.417573
vt 0.443878 0.421632
vt 0.441366 0.422876
vt 0.438402 0.423313
vt 0.435438 0.422876
vt 0.432926 0.421632
vt 0.431247 0.419769
vt 0.430658 0.417573
vt 0.431247 0.415376
vt 0.432926 0.413514
vt 0.435438 0.412269
vt 0.438402 0.411832
vt 0.441366 0.412269
vt 0.443878 0.413514
vt 0.445557 0.415376
vt 0.401459 0.417573
vt 0.401459 0.419769
vt 0.414852 0.421632
vt 0.414852 0.417573
vt 0.401459 0.421632
vt 0.414852 0.425073
vt 0.401459 0.463991
vt 0.401459 0.461479
vt 0.414852 0.463991
vt 0.414852 0.468633
vt 0.401459 0.458515
vt 0.414852 0.458515
vt 0.401459 0.455551
vt 0.414852 0.453039
vt 0.401459 0.453039
vt 0.414852 0.448397
vt 0.401459 0.415376
vt 0.414852 0.413514
vt 0.401459 0.413514
vt 0.414852 0.410073
vt 0.434897 0.422876
vt 0.434897 0.417573
vt 0.434897 0.427372
vt 0.434897 0.465670
vt 0.434897 0.471735
vt 0.434897 0.458515
vt 0.434897 0.451360
vt 0.434897 0.445295
vt 0.434897 0.412269
vt 0.434897 0.407774
vt 0.458541 0.423313
vt 0.458541 0.417573
vt 0.458541 0.428179
vt 0.458541 0.466259
vt 0.458541 0.472824
vt 0.458541 0.458515
vt 0.458541 0.450771
vt 0.458541 0.444206
vt 0.458541 0.411832
vt 0.458541 0.406966
vt 0.482185 0.422876
vt 0.482185 0.417573
vt 0.482185 0.427372
vt 0.482185 0.465670
vt 0.482185 0.471735
vt 0.482185 0.458515
vt 0.482185 0.451360
vt 0.482185 0.445295
vt 0.482185 0.412269
vt 0.482185 0.407774
vt 0.502229 0.421632
vt 0.502229 0.417573
vt 0.502229 0.425073
vt 0.502229 0.463991
vt 0.502229 0.468633
vt 0.502229 0.458515
vt 0.502229 0.453039
vt 0.502229 0.448397
vt 0.502229 0.413514
vt 0.502229 0.410073
vt 0.515622 0.419769
vt 0.515622 0.417573
vt 0.515622 0.421632
vt 0.515622 0.461479
vt 0.515622 0.463991
vt 0.515622 0.458515
vt 0.515622 0.455551
vt 0.515622 0.453039
vt 0.515622 0.415376
vt 0.515622 0.413514
vt 0.438402 0.411832
vt 0.513628 0.417573
vt 0.514217 0.419769
vt 0.521372 0.417573
vt 0.515896 0.421632
vt 0.518408 0.422876
vt 0.521372 0.423313
vt 0.524335 0.422876
vt 0.526848 0.421632
vt 0.528526 0.419769
vt 0.529116 0.417573
vt 0.528526 0.415376
vt 0.526848 0.413514
vt 0.524335 0.412269
vt 0.521372 0.411832
vt 0.518408 0.412269
vt 0.515896 0.413514
vt 0.514217 0.415376
vt 0.414852 0.536009
vt 0.401459 0.538521
vt 0.401459 0.536009
vt 0.414852 0.531367
vt 0.414852 0.541485
vt 0.401459 0.541485
vt 0.414852 0.546961
vt 0.401459 0.544448
vt 0.414852 0.551603
vt 0.401459 0.546961
vt 0.414852 0.410073
vt 0.434897 0.427372
vt 0.434897 0.534330
vt 0.434897 0.528265
vt 0.434897 0.541485
vt 0.434897 0.548640
vt 0.434897 0.554705
vt 0.434897 0.528265
vt 0.458541 0.533741
vt 0.458541 0.527175
vt 0.458541 0.541485
vt 0.458541 0.549229
vt 0.458541 0.555794
vt 0.458541 0.411832
vt 0.482185 0.427372
vt 0.482185 0.534330
vt 0.482185 0.528265
vt 0.482185 0.541485
vt 0.482185 0.548640
vt 0.482185 0.554705
vt 0.482185 0.528265
vt 0.502229 0.536009
vt 0.502229 0.531367
vt 0.502229 0.541485
vt 0.502229 0.546961
vt 0.502229 0.551603
vt 0.515622 0.538521
vt 0.515622 0.536009
vt 0.515622 0.541485
vt 0.515622 0.544448
vt 0.515622 0.546961
vt 0.625569 0.526028
vt 0.596872 0.500000
vt 0.529198 0.593146
vt 0.562134 0.612116
vt 0.816339 0.730608
vt 0.513311 0.628481
vt 0.419699 0.557567
vt 0.411834 0.594753
vt 0.377695 0.873132
vt 0.381184 0.553377
vt 0.419699 0.442433
vt 0.381902 0.446445
vt 0.106599 0.500000
vt 0.411782 0.404508
vt 0.529198 0.406854
vt 0.513703 0.372147
vt 0.377695 0.126868
vt 0.562820 0.387605
vt 0.625092 0.474538
vt 0.816338 0.269392
vt 0.666447 0.481096
vt 0.651124 0.500044
vt 0.479893 0.470636
vt 0.472671 0.456399
vt 0.487281 0.456418
vt 0.687519 0.492784
vt 0.680250 0.500066
vt 0.687519 0.507395
vt 0.666583 0.519220
vt 0.700407 0.500006
vt 0.561198 0.474509
vt 0.550347 0.456399
vt 0.564242 0.456418
vt 0.550347 0.318414
vt 0.555025 0.327579
vt 0.564242 0.322930
vt 0.532719 0.334843
vt 0.569019 0.346495
vt 0.546004 0.355272
vt 0.561198 0.308389
vt 0.816338 0.472573
vt 0.335941 0.381572
vt 0.342123 0.394990
vt 0.350710 0.383170
vt 0.352284 0.393372
vt 0.352300 0.416831
vt 0.374599 0.385909
vt 0.375834 0.410509
vt 0.598305 0.474509
vt 0.596573 0.456399
vt 0.584752 0.456418
vt 0.350605 0.616686
vt 0.352207 0.606522
vt 0.342018 0.604866
vt 0.374522 0.613756
vt 0.352005 0.582993
vt 0.375783 0.589420
vt 0.853019 0.472573
vt 0.335934 0.474509
vt 0.342018 0.456418
vt 0.106599 0.472573
vt 0.561186 0.470636
vt 0.564072 0.456399
vt 0.550177 0.456418
vt 0.564072 0.677126
vt 0.554900 0.672462
vt 0.550177 0.681641
vt 0.568677 0.653474
vt 0.532461 0.665383
vt 0.545921 0.644756
vt 0.561186 0.691615
vt 0.498933 0.500000
vt 0.514217 0.579833
vt 0.513628 0.582029
vt 0.521372 0.582029
vt 0.515896 0.577970
vt 0.518408 0.576726
vt 0.521372 0.576289
vt 0.524335 0.576726
vt 0.526848 0.577970
vt 0.528526 0.579833
vt 0.529116 0.582029
vt 0.528526 0.584226
vt 0.526848 0.586088
vt 0.524335 0.587333
vt 0.521372 0.587770
vt 0.518408 0.587333
vt 0.515896 0.586088
vt 0.514217 0.584226
vt 0.401459 0.582029
vt 0.401459 0.579833
vt 0.414852 0.577970
vt 0.414852 0.582029
vt 0.401459 0.577970
vt 0.414852 0.574529
vt 0.401459 0.541485
vt 0.414852 0.541485
vt 0.401459 0.584226
vt 0.414852 0.586088
vt 0.401459 0.586088
vt 0.414852 0.589529
vt 0.434897 0.576726
vt 0.434897 0.582029
vt 0.434897 0.572230
vt 0.434897 0.541485
vt 0.434897 0.587333
vt 0.434897 0.591828
vt 0.458541 0.576289
vt 0.458541 0.582029
vt 0.458541 0.571423
vt 0.458541 0.541485
vt 0.458541 0.587770
vt 0.458541 0.592636
vt 0.482185 0.576726
vt 0.482185 0.582029
vt 0.482185 0.572230
vt 0.482185 0.541485
vt 0.482185 0.587333
vt 0.482185 0.591828
vt 0.502229 0.577970
vt 0.502229 0.582029
vt 0.502229 0.574529
vt 0.502229 0.541485
vt 0.502229 0.586088
vt 0.502229 0.589529
vt 0.515622 0.579833
vt 0.515622 0.582029
vt 0.515622 0.577970
vt 0.515622 0.541485
vt 0.515622 0.584226
vt 0.515622 0.586088
vt 0.518408 0.576726
vt 0.524335 0.576726
vt 0.446146 0.582029
vt 0.445557 0.579833
vt 0.438402 0.582029
vt 0.443878 0.577970
vt 0.441366 0.576726
vt 0.438402 0.576289
vt 0.435438 0.576726
vt 0.432926 0.577970
vt 0.431247 0.579833
vt 0.430658 0.582029
vt 0.431247 0.584226
vt 0.432926 0.586088
vt 0.435438 0.587333
vt 0.438402 0.587770
vt 0.441366 0.587333
vt 0.443878 0.586088
vt 0.445557 0.584226
vt 0.414852 0.453039
vt 0.401459 0.455551
vt 0.401459 0.453039
vt 0.434897 0.445295
vt 0.458541 0.466259
vt 0.458541 0.472824
vt 0.482185 0.445295
vt 0.502229 0.453039
vt 0.515622 0.455551
vt 0.515622 0.453039
vt 0.625569 0.473972
vt 0.596872 0.500000
vt 0.529198 0.406854
vt 0.562134 0.387884
vt 0.816338 0.269392
vt 0.513311 0.371519
vt 0.419699 0.442433
vt 0.411834 0.405247
vt 0.377695 0.126868
vt 0.381184 0.446623
vt 0.419699 0.557567
vt 0.381902 0.553555
vt 0.106599 0.500000
vt 0.411782 0.595492
vt 0.513703 0.627853
vt 0.562820 0.612395
vt 0.625092 0.525462
vt 0.816338 0.730608
vt 0.666447 0.518904
vt 0.651124 0.499956
vt 0.479881 0.528966
vt 0.487103 0.543203
vt 0.472492 0.543184
vt 0.687519 0.507216
vt 0.680250 0.499934
vt 0.687519 0.492606
vt 0.666583 0.480780
vt 0.700407 0.499994
vt 0.561198 0.525093
vt 0.550347 0.543203
vt 0.564242 0.543184
vt 0.550347 0.681586
vt 0.555025 0.672421
vt 0.564242 0.677070
vt 0.532719 0.665157
vt 0.569019 0.653505
vt 0.546004 0.644728
vt 0.561198 0.691611
vt 0.816338 0.527029
vt 0.335941 0.618428
vt 0.342123 0.605010
vt 0.350710 0.616831
vt 0.352284 0.606628
vt 0.352300 0.583169
vt 0.374599 0.614091
vt 0.375834 0.589491
vt 0.361468 0.525093
vt 0.363201 0.543203
vt 0.375021 0.543184
vt 0.350605 0.383314
vt 0.352207 0.393478
vt 0.342018 0.395134
vt 0.374522 0.386244
vt 0.352005 0.417007
vt 0.375783 0.410580
vt 0.106755 0.527029
vt 0.335934 0.525093
vt 0.342018 0.543184
vt 0.106599 0.527029
vt 0.561186 0.528966
vt 0.564072 0.543203
vt 0.550177 0.543184
vt 0.564072 0.322874
vt 0.554900 0.327538
vt 0.550177 0.318359
vt 0.568677 0.346526
vt 0.532461 0.334617
vt 0.545921 0.355244
vt 0.561186 0.308385
s 0
usemtl Mario_Star_Coin
f 253/1/1 256/2/1 135/3/1 130/4/1
f 137/5/2 140/6/2 144/7/2 141/8/2
f 141/8/3 144/7/3 148/9/3 145/10/3
f 145/11/4 148/12/4 152/13/4 149/14/4
f 149/14/5 152/13/5 156/15/5 153/16/5
f 153/16/6 156/15/6 160/17/6 157/18/6
f 157/18/7 160/17/7 164/19/7 161/20/7
f 161/20/8 164/19/8 168/21/8 165/22/8
f 165/22/9 168/21/9 172/23/9 169/24/9
f 169/24/10 172/23/10 176/25/10 173/26/10
f 173/26/11 176/25/11 180/27/11 177/28/11
f 177/10/12 180/9/12 184/7/12 181/8/12
f 181/8/13 184/7/13 188/6/13 185/5/13
f 185/5/14 188/6/14 192/29/14 189/30/14
f 189/30/15 192/29/15 196/3/15 193/4/15
f 193/4/16 196/3/16 200/2/16 197/1/16
f 197/1/17 200/2/17 204/31/17 201/32/17
f 201/32/18 204/31/18 208/33/18 205/34/18
f 205/34/19 208/33/19 212/35/19 209/36/19
f 209/28/20 212/27/20 216/25/20 213/26/20
f 213/26/21 216/25/21 220/23/21 217/24/21
f 217/24/22 220/23/22 224/21/22 221/22/22
f 221/22/23 224/21/23 228/19/23 225/20/23
f 225/20/24 228/19/24 232/17/24 229/18/24
f 229/18/25 232/17/25 236/15/25 233/16/25
f 233/16/26 236/15/26 240/13/26 237/14/26
f 237/14/27 240/13/27 244/12/27 241/11/27
f 241/36/28 244/35/28 248/33/28 245/34/28
f 245/34/29 248/33/29 252/31/29 249/32/29
f 249/32/30 252/31/30 256/2/30 253/1/30
f 55/37/28 51/38/28 296/39/28 300/40/28
f 131/30/31 134/29/31 140/6/31 137/5/31
f 107/41/9 103/42/9 384/43/9 340/44/9
f 126/45/15 1/4/15 258/46/15 357/47/15
f 4/3/15 127/48/15 360/49/15 263/50/15
f 11/51/17 7/52/17 262/53/17 268/54/17
f 10/55/18 14/56/18 269/57/18 265/58/18
f 15/37/18 11/51/18 268/54/18 272/40/18
f 14/56/19 18/59/19 273/60/19 269/57/19
f 19/38/19 15/37/19 272/40/19 276/39/19
f 18/61/20 22/62/20 277/63/20 273/64/20
f 23/65/20 19/66/20 276/67/20 280/68/20
f 22/62/21 26/69/21 281/70/21 277/63/21
f 27/41/21 23/65/21 280/68/21 284/44/21
f 26/69/22 30/71/22 361/72/22 281/70/22
f 31/42/22 27/41/22 284/44/22 368/43/22
f 30/71/23 34/20/23 363/73/23 361/72/23
f 35/19/23 31/42/23 368/43/23 366/74/23
f 34/20/24 38/75/24 369/76/24 363/73/24
f 39/77/24 35/19/24 366/74/24 372/78/24
f 38/75/25 42/79/25 285/80/25 369/76/25
f 43/81/25 39/77/25 372/78/25 288/82/25
f 42/79/26 46/83/26 289/84/26 285/80/26
f 47/85/26 43/81/26 288/82/26 292/86/26
f 46/83/27 50/87/27 293/88/27 289/84/27
f 51/89/27 47/85/27 292/86/27 296/90/27
f 53/91/32 49/92/32 178/93/32 182/94/32
f 50/59/28 54/56/28 297/57/28 293/60/28
f 54/56/29 58/55/29 301/58/29 297/57/29
f 59/51/29 55/37/29 300/40/29 304/54/29
f 58/55/30 62/95/30 305/96/30 301/58/30
f 63/52/30 59/51/30 304/54/30 308/53/30
f 62/95/1 66/4/1 309/46/1 305/96/1
f 67/3/1 63/52/1 308/53/1 312/50/1
f 66/4/33 70/45/33 313/47/33 309/46/33
f 71/48/33 67/3/33 312/50/33 316/49/33
f 70/45/31 74/97/31 317/98/31 313/47/31
f 75/99/31 71/48/31 316/49/31 320/100/31
f 74/97/2 78/101/2 321/102/2 317/98/2
f 79/103/2 75/99/2 320/100/2 324/104/2
f 78/101/3 82/105/3 325/106/3 321/102/3
f 83/107/3 79/103/3 324/104/3 328/108/3
f 82/87/4 86/83/4 329/84/4 325/88/4
f 87/85/4 83/89/4 328/90/4 332/86/4
f 86/83/5 90/79/5 333/80/5 329/84/5
f 91/81/5 87/85/5 332/86/5 336/82/5
f 90/79/6 94/75/6 373/76/6 333/80/6
f 95/77/6 91/81/6 336/82/6 380/78/6
f 94/75/7 98/20/7 375/73/7 373/76/7
f 99/19/7 95/77/7 380/78/7 378/74/7
f 98/20/8 102/71/8 381/72/8 375/73/8
f 103/42/8 99/19/8 378/74/8 384/43/8
f 105/109/32 101/110/32 230/111/32 234/112/32
f 102/71/9 106/69/9 337/70/9 381/72/9
f 106/69/10 110/62/10 341/63/10 337/70/10
f 111/65/10 107/41/10 340/44/10 344/68/10
f 110/62/11 114/61/11 345/64/11 341/63/11
f 115/66/11 111/65/11 344/68/11 348/67/11
f 114/105/12 118/101/12 349/102/12 345/106/12
f 119/103/12 115/107/12 348/108/12 352/104/12
f 118/101/13 122/97/13 353/98/13 349/102/13
f 123/99/13 119/103/13 352/104/13 356/100/13
f 122/97/14 126/45/14 357/47/14 353/98/14
f 127/48/14 123/99/14 356/100/14 360/49/14
f 130/4/33 135/3/33 134/29/33 131/30/33
f 5/113/32 2/114/32 129/115/32 132/116/32
f 6/95/17 10/55/17 265/58/17 259/96/17
f 104/110/34 108/109/34 235/112/34 231/111/34
f 52/92/34 56/91/34 183/94/34 179/93/34
f 109/117/32 105/109/32 234/112/32 238/118/32
f 57/119/32 53/91/32 182/94/32 186/120/32
f 2/114/32 125/121/32 254/122/32 129/115/32
f 108/109/34 112/117/34 239/118/34 235/112/34
f 56/91/34 60/119/34 187/120/34 183/94/34
f 3/114/34 8/113/34 133/116/34 136/115/34
f 113/123/32 109/117/32 238/118/32 242/124/32
f 61/125/32 57/119/32 186/120/32 190/126/32
f 9/127/32 5/113/32 132/116/32 138/128/32
f 112/117/34 116/123/34 243/124/34 239/118/34
f 60/119/34 64/125/34 191/126/34 187/120/34
f 8/113/34 12/127/34 139/128/34 133/116/34
f 117/129/32 113/123/32 242/124/32 246/130/32
f 65/131/32 61/125/32 190/126/32 194/132/32
f 13/133/32 9/127/32 138/128/32 142/134/32
f 116/123/34 120/129/34 247/130/34 243/124/34
f 64/125/34 68/131/34 195/132/34 191/126/34
f 12/127/34 16/133/34 143/134/34 139/128/34
f 121/135/32 117/129/32 246/130/32 250/136/32
f 69/137/32 65/131/32 194/132/32 198/138/32
f 17/139/32 13/133/32 142/134/32 146/140/32
f 120/129/34 124/135/34 251/136/34 247/130/34
f 68/131/34 72/137/34 199/138/34 195/132/34
f 16/133/34 20/139/34 147/140/34 143/134/34
f 125/121/32 121/135/32 250/136/32 254/122/32
f 73/141/32 69/137/32 198/138/32 202/142/32
f 21/143/32 17/139/32 146/140/32 150/144/32
f 124/135/34 128/121/34 255/122/34 251/136/34
f 72/137/34 76/141/34 203/142/34 199/138/34
f 20/139/34 24/143/34 151/144/34 147/140/34
f 7/52/16 4/3/16 263/50/16 262/53/16
f 77/145/32 73/141/32 202/142/32 206/146/32
f 25/147/32 21/143/32 150/144/32 154/148/32
f 128/121/34 3/114/34 136/115/34 255/122/34
f 76/141/34 80/145/34 207/146/34 203/142/34
f 24/143/34 28/147/34 155/148/34 151/144/34
f 81/149/32 77/145/32 206/146/32 210/150/32
f 29/151/32 25/147/32 154/148/32 158/152/32
f 80/145/34 84/149/34 211/150/34 207/146/34
f 28/147/34 32/151/34 159/152/34 155/148/34
f 85/153/32 81/149/32 210/150/32 214/154/32
f 33/155/32 29/151/32 158/152/32 162/156/32
f 84/149/34 88/153/34 215/154/34 211/150/34
f 32/151/34 36/155/34 163/156/34 159/152/34
f 89/157/32 85/153/32 214/154/32 218/158/32
f 37/159/32 33/155/32 162/156/32 166/160/32
f 88/153/34 92/157/34 219/158/34 215/154/34
f 36/155/34 40/159/34 167/160/34 163/156/34
f 93/161/32 89/157/32 218/158/32 222/162/32
f 41/163/32 37/159/32 166/160/32 170/164/32
f 92/157/34 96/161/34 223/162/34 219/158/34
f 40/159/34 44/163/34 171/164/34 167/160/34
f 97/165/32 93/161/32 222/162/32 226/166/32
f 45/167/32 41/163/32 170/164/32 174/168/32
f 96/161/34 100/165/34 227/166/34 223/162/34
f 44/163/34 48/167/34 175/168/34 171/164/34
f 101/110/32 97/165/32 226/166/32 230/111/32
f 49/92/32 45/167/32 174/168/32 178/93/32
f 100/165/34 104/110/34 231/111/34 227/166/34
f 48/167/34 52/92/34 179/93/34 175/168/34
f 130/169/35 131/170/35 132/116/35 129/115/35
f 134/170/36 135/169/36 136/115/36 133/116/36
f 131/170/37 137/171/37 138/128/37 132/116/37
f 140/171/38 134/170/38 133/116/38 139/128/38
f 137/171/39 141/172/39 142/134/39 138/128/39
f 144/172/40 140/171/40 139/128/40 143/134/40
f 141/172/41 145/173/41 146/140/41 142/134/41
f 148/173/42 144/172/42 143/134/42 147/140/42
f 145/173/43 149/174/43 150/144/43 146/140/43
f 152/174/44 148/173/44 147/140/44 151/144/44
f 149/174/45 153/175/45 154/148/45 150/144/45
f 156/175/46 152/174/46 151/144/46 155/148/46
f 153/175/47 157/176/47 158/152/47 154/148/47
f 160/176/48 156/175/48 155/148/48 159/152/48
f 157/176/49 161/177/49 162/156/49 158/152/49
f 164/177/50 160/176/50 159/152/50 163/156/50
f 161/177/51 165/178/51 166/160/51 162/156/51
f 168/178/52 164/177/52 163/156/52 167/160/52
f 165/178/53 169/179/53 170/164/53 166/160/53
f 172/179/54 168/178/54 167/160/54 171/164/54
f 169/179/55 173/180/55 174/168/55 170/164/55
f 176/180/56 172/179/56 171/164/56 175/168/56
f 173/180/57 177/181/57 178/93/57 174/168/57
f 180/181/58 176/180/58 175/168/58 179/93/58
f 177/181/59 181/182/59 182/94/59 178/93/59
f 184/182/60 180/181/60 179/93/60 183/94/60
f 181/182/61 185/183/61 186/120/61 182/94/61
f 188/183/62 184/182/62 183/94/62 187/120/62
f 185/183/63 189/184/63 190/126/63 186/120/63
f 192/184/64 188/183/64 187/120/64 191/126/64
f 189/184/65 193/185/65 194/132/65 190/126/65
f 196/185/66 192/184/66 191/126/66 195/132/66
f 193/185/67 197/186/67 198/138/67 194/132/67
f 200/186/68 196/185/68 195/132/68 199/138/68
f 197/186/69 201/187/69 202/142/69 198/138/69
f 204/187/70 200/186/70 199/138/70 203/142/70
f 201/187/71 205/188/71 206/146/71 202/142/71
f 208/188/72 204/187/72 203/142/72 207/146/72
f 205/188/73 209/189/73 210/150/73 206/146/73
f 212/189/74 208/188/74 207/146/74 211/150/74
f 209/189/75 213/190/75 214/154/75 210/150/75
f 216/190/76 212/189/76 211/150/76 215/154/76
f 213/190/77 217/191/77 218/158/77 214/154/77
f 220/191/78 216/190/78 215/154/78 219/158/78
f 217/191/79 221/192/79 222/162/79 218/158/79
f 224/192/80 220/191/80 219/158/80 223/162/80
f 221/192/81 225/193/81 226/166/81 222/162/81
f 228/193/82 224/192/82 223/162/82 227/166/82
f 225/193/83 229/194/83 230/111/83 226/166/83
f 232/194/84 228/193/84 227/166/84 231/111/84
f 229/194/85 233/195/85 234/112/85 230/111/85
f 236/195/86 232/194/86 231/111/86 235/112/86
f 233/195/87 237/196/87 238/118/87 234/112/87
f 240/196/88 236/195/88 235/112/88 239/118/88
f 237/196/89 241/197/89 242/124/89 238/118/89
f 244/197/90 240/196/90 239/118/90 243/124/90
f 241/197/91 245/198/91 246/130/91 242/124/91
f 248/198/92 244/197/92 243/124/92 247/130/92
f 245/198/93 249/199/93 250/136/93 246/130/93
f 252/199/94 248/198/94 247/130/94 251/136/94
f 249/199/95 253/200/95 254/122/95 250/136/95
f 256/200/96 252/199/96 251/136/96 255/122/96
f 253/200/97 130/169/97 129/115/97 254/122/97
f 135/169/98 256/200/98 255/122/98 136/115/98
f 2/114/67 5/113/67 6/201/67 1/202/67
f 8/113/68 3/114/68 4/202/68 7/201/68
f 5/113/69 9/127/69 10/203/69 6/201/69
f 12/127/70 8/113/70 7/201/70 11/203/70
f 9/127/71 13/133/71 14/204/71 10/203/71
f 16/133/72 12/127/72 11/203/72 15/204/72
f 13/133/73 17/139/73 18/205/73 14/204/73
f 20/139/74 16/133/74 15/204/74 19/205/74
f 17/139/75 21/143/75 22/206/75 18/205/75
f 24/143/76 20/139/76 19/205/76 23/206/76
f 21/143/77 25/147/77 26/207/77 22/206/77
f 28/147/78 24/143/78 23/206/78 27/207/78
f 25/147/79 29/151/79 30/208/79 26/207/79
f 32/151/80 28/147/80 27/207/80 31/208/80
f 29/151/81 33/155/81 34/209/81 30/208/81
f 36/155/82 32/151/82 31/208/82 35/209/82
f 33/155/83 37/159/83 38/210/83 34/209/83
f 40/159/84 36/155/84 35/209/84 39/210/84
f 37/159/85 41/163/85 42/211/85 38/210/85
f 44/163/86 40/159/86 39/210/86 43/211/86
f 41/163/87 45/167/87 46/212/87 42/211/87
f 48/167/88 44/163/88 43/211/88 47/212/88
f 45/167/89 49/92/89 50/213/89 46/212/89
f 52/92/90 48/167/90 47/212/90 51/213/90
f 49/92/91 53/91/91 54/214/91 50/213/91
f 56/91/92 52/92/92 51/213/92 55/214/92
f 53/91/93 57/119/93 58/215/93 54/214/93
f 60/119/94 56/91/94 55/214/94 59/215/94
f 57/119/95 61/125/95 62/216/95 58/215/95
f 64/125/96 60/119/96 59/215/96 63/216/96
f 61/125/97 65/131/97 66/217/97 62/216/97
f 68/131/98 64/125/98 63/216/98 67/217/98
f 65/131/35 69/137/35 70/218/35 66/217/35
f 72/137/36 68/131/36 67/217/36 71/218/36
f 69/137/37 73/141/37 74/219/37 70/218/37
f 76/141/38 72/137/38 71/218/38 75/219/38
f 73/141/39 77/145/39 78/220/39 74/219/39
f 80/145/40 76/141/40 75/219/40 79/220/40
f 77/145/41 81/149/41 82/221/41 78/220/41
f 84/149/42 80/145/42 79/220/42 83/221/42
f 81/149/43 85/153/43 86/222/43 82/221/43
f 88/153/44 84/149/44 83/221/44 87/222/44
f 85/153/45 89/157/45 90/223/45 86/222/45
f 92/157/46 88/153/46 87/222/46 91/223/46
f 89/157/47 93/161/47 94/224/47 90/223/47
f 96/161/48 92/157/48 91/223/48 95/224/48
f 93/161/49 97/165/49 98/225/49 94/224/49
f 100/165/50 96/161/50 95/224/50 99/225/50
f 97/165/51 101/110/51 102/226/51 98/225/51
f 104/110/52 100/165/52 99/225/52 103/226/52
f 101/110/53 105/109/53 106/227/53 102/226/53
f 108/109/54 104/110/54 103/226/54 107/227/54
f 105/109/55 109/117/55 110/228/55 106/227/55
f 112/117/56 108/109/56 107/227/56 111/228/56
f 109/117/57 113/123/57 114/229/57 110/228/57
f 116/123/58 112/117/58 111/228/58 115/229/58
f 113/123/59 117/129/59 118/230/59 114/229/59
f 120/129/60 116/123/60 115/229/60 119/230/60
f 117/129/61 121/135/61 122/231/61 118/230/61
f 124/135/62 120/129/62 119/230/62 123/231/62
f 121/135/63 125/121/63 126/232/63 122/231/63
f 128/121/64 124/135/64 123/231/64 127/232/64
f 125/121/65 2/114/65 1/202/65 126/232/65
f 3/114/66 128/121/66 127/232/66 4/202/66
f 258/233/67 259/201/67 260/234/67 257/235/67
f 262/201/68 263/202/68 264/236/68 261/237/68
f 259/201/69 265/203/69 266/238/69 260/234/69
f 268/203/70 262/201/70 261/237/70 267/239/70
f 265/203/71 269/204/71 270/240/71 266/238/71
f 272/204/72 268/203/72 267/239/72 271/240/72
f 269/204/73 273/205/73 274/241/73 270/240/73
f 276/205/74 272/204/74 271/240/74 275/241/74
f 273/205/75 277/206/75 278/242/75 274/241/75
f 280/206/76 276/205/76 275/241/76 279/242/76
f 277/206/77 281/207/77 282/243/77 278/242/77
f 284/207/78 280/206/78 279/242/78 283/243/78
f 281/207/79 361/208/79 362/244/79 282/243/79
f 368/208/80 284/207/80 283/243/80 367/244/80
f 361/208/81 363/209/81 364/245/81 362/244/81
f 366/209/82 368/208/82 367/244/82 365/245/82
f 363/209/83 369/210/83 370/246/83 364/245/83
f 372/210/84 366/209/84 365/245/84 371/246/84
f 369/210/85 285/211/85 286/247/85 370/246/85
f 288/211/86 372/210/86 371/246/86 287/247/86
f 285/211/87 289/212/87 290/248/87 286/247/87
f 292/212/88 288/211/88 287/247/88 291/248/88
f 289/212/89 293/213/89 294/249/89 290/248/89
f 296/213/90 292/212/90 291/248/90 295/249/90
f 293/213/91 297/214/91 298/250/91 294/249/91
f 300/214/92 296/213/92 295/249/92 299/250/92
f 297/214/93 301/215/93 302/251/93 298/250/93
f 304/215/94 300/214/94 299/250/94 303/252/94
f 301/215/95 305/216/95 306/253/95 302/251/95
f 308/216/96 304/215/96 303/252/96 307/254/96
f 305/216/97 309/255/97 310/256/97 306/253/97
f 312/217/98 308/216/98 307/254/98 311/257/98
f 309/255/35 313/218/35 314/258/35 310/256/35
f 316/218/36 312/217/36 311/257/36 315/259/36
f 313/218/37 317/219/37 318/260/37 314/258/37
f 320/219/38 316/218/38 315/259/38 319/261/38
f 317/219/39 321/262/39 322/263/39 318/260/39
f 324/220/40 320/219/40 319/261/40 323/264/40
f 321/262/41 325/221/41 326/265/41 322/263/41
f 328/221/42 324/220/42 323/264/42 327/266/42
f 325/221/43 329/222/43 330/267/43 326/265/43
f 332/222/44 328/221/44 327/266/44 331/267/44
f 329/222/45 333/223/45 334/268/45 330/267/45
f 336/223/46 332/222/46 331/267/46 335/268/46
f 333/223/47 373/224/47 374/269/47 334/268/47
f 380/224/48 336/223/48 335/268/48 379/269/48
f 373/224/49 375/225/49 376/270/49 374/269/49
f 378/225/50 380/224/50 379/269/50 377/270/50
f 375/225/51 381/226/51 382/271/51 376/270/51
f 384/226/52 378/225/52 377/270/52 383/271/52
f 381/226/53 337/227/53 338/272/53 382/271/53
f 340/227/54 384/226/54 383/271/54 339/272/54
f 337/227/55 341/228/55 342/273/55 338/272/55
f 344/228/56 340/227/56 339/272/56 343/273/56
f 341/228/57 345/229/57 346/274/57 342/273/57
f 348/229/58 344/228/58 343/273/58 347/275/58
f 345/229/59 349/276/59 350/277/59 346/274/59
f 352/230/60 348/229/60 347/275/60 351/278/60
f 349/276/61 353/231/61 354/279/61 350/277/61
f 356/231/62 352/230/62 351/278/62 355/280/62
f 353/231/63 357/232/63 358/281/63 354/279/63
f 360/232/64 356/231/64 355/280/64 359/282/64
f 357/232/65 258/233/65 257/235/65 358/281/65
f 263/202/66 360/232/66 359/282/66 264/236/66
f 264/236/34 359/282/34 355/280/34 351/278/34 347/275/34 343/273/34 339/272/34 383/271/34 377/270/34 379/269/34 335/268/34 331/267/34 327/266/34 323/264/34 319/261/34 315/259/34 311/257/34 307/254/34 303/252/34 299/250/34 295/249/34 291/248/34 287/247/34 371/246/34 365/245/34 367/244/34 283/243/34 279/242/34 275/241/34 271/240/34 267/239/34 261/237/34
f 260/234/32 266/238/32 270/240/32 274/241/32 278/242/32 282/243/32 362/244/32 364/245/32 370/246/32 286/247/32 290/248/32 294/249/32 298/250/32 302/251/32 306/253/32 310/256/32 314/258/32 318/260/32 322/263/32 326/265/32 330/267/32 334/268/32 374/269/32 376/270/32 382/271/32 338/272/32 342/273/32 346/274/32 350/277/32 354/279/32 358/281/32 257/235/32
f 1/4/16 6/95/16 259/96/16 258/46/16
s 1
f 521/429/278 529/430/279 402/431/280
f 521/429/278 402/431/280 398/432/281
f 398/432/281 386/433/282 521/429/278
f 394/434/283 402/431/280 454/435/284
f 394/434/283 454/435/284 401/436/285
f 401/436/285 385/437/286 394/434/283
f 471/438/287 454/435/284 599/439/288
f 471/438/287 599/439/288 582/440/289
f 582/440/289 527/441/290 471/438/287
f 652/442/291 599/439/288 651/443/292
f 652/442/291 651/443/292 659/444/293
f 659/444/293 668/445/294 652/442/291
f 655/446/295 651/443/292 529/430/279
f 532/447/296 667/448/297 655/446/295
f 532/447/296 655/446/295 529/430/279
f 532/447/296 529/430/279 521/429/278
f 531/449/298 667/448/297 532/447/296
f 532/447/296 525/450/299 531/449/298
f 526/451/300 530/452/301 523/453/302
f 530/454/301 524/455/303 523/456/302
f 524/455/303 531/449/298 522/457/304
f 531/449/298 525/450/299 522/457/304
f 525/450/299 532/447/296 521/429/278
f 530/454/301 526/458/300 667/448/297
f 530/454/301 667/448/297 531/449/298
f 531/449/298 524/455/303 530/454/301
f 526/458/300 523/456/302 386/433/282
f 522/457/304 386/433/282 523/456/302
f 523/456/302 524/455/303 522/457/304
f 521/429/278 386/433/282 522/457/304
f 522/457/304 525/450/299 521/429/278
f 666/459/305 665/460/306 664/461/307
f 665/462/306 663/463/308 664/464/307
f 663/463/308 662/465/309 661/466/310
f 662/465/309 660/467/311 661/466/310
f 660/467/311 659/444/293 655/446/295
f 659/444/293 651/443/292 655/446/295
f 665/462/306 666/468/305 668/445/294
f 665/462/306 668/445/294 662/465/309
f 662/465/309 663/463/308 665/462/306
f 662/465/309 668/445/294 659/444/293
f 659/444/293 660/467/311 662/465/309
f 666/459/305 664/461/307 667/469/297
f 661/466/310 667/448/297 664/464/307
f 664/464/307 663/463/308 661/466/310
f 655/446/295 667/448/297 661/466/310
f 661/466/310 660/467/311 655/446/295
f 658/470/312 653/471/313 657/472/314
f 653/471/313 654/473/315 657/472/314
f 654/473/315 649/474/316 656/475/317
f 649/474/316 650/476/318 656/475/317
f 650/476/318 582/440/289 652/442/291
f 582/440/289 599/439/288 652/442/291
f 653/471/313 658/470/312 527/441/290
f 653/471/313 527/441/290 649/474/316
f 649/474/316 654/473/315 653/471/313
f 649/474/316 527/441/290 582/440/289
f 582/440/289 650/476/318 649/474/316
f 658/470/312 657/472/314 668/445/294
f 656/475/317 668/445/294 657/472/314
f 657/472/314 654/473/315 656/475/317
f 652/442/291 668/445/294 656/475/317
f 656/475/317 650/476/318 652/442/291
f 395/477/319 396/478/320 400/479/321
f 396/480/320 399/481/322 400/482/321
f 399/481/322 397/483/323 404/484/324
f 397/483/323 403/485/325 404/484/324
f 403/485/325 401/436/285 471/438/287
f 401/436/285 454/435/284 471/438/287
f 396/478/320 395/477/319 385/486/286
f 396/480/320 385/437/286 397/483/323
f 397/483/323 399/481/322 396/480/320
f 397/483/323 385/437/286 401/436/285
f 401/436/285 403/485/325 397/483/323
f 395/487/319 400/488/321 527/489/290
f 404/484/324 527/441/290 400/482/321
f 400/482/321 399/481/322 404/484/324
f 471/438/287 527/441/290 404/484/324
f 404/484/324 403/485/325 471/438/287
f 387/490/326 389/491/327 388/492/328
f 389/493/327 390/494/329 388/495/328
f 390/494/329 392/496/330 391/497/331
f 392/496/330 393/498/332 391/497/331
f 393/498/332 398/432/281 394/434/283
f 398/432/281 402/431/280 394/434/283
f 389/493/327 387/499/326 386/433/282
f 389/493/327 386/433/282 392/496/330
f 392/496/330 390/494/329 389/493/327
f 392/496/330 386/433/282 398/432/281
f 398/432/281 393/498/332 392/496/330
f 387/499/326 388/495/328 385/437/286
f 391/497/331 385/437/286 388/495/328
f 388/495/328 390/494/329 391/497/331
f 394/434/283 385/437/286 391/497/331
f 391/497/331 393/498/332 394/434/283
f 528/500/32 454/435/284 402/431/280
f 528/500/32 402/431/280 529/430/279
f 528/500/32 529/430/279 651/443/292
f 528/500/32 651/443/292 599/439/288
f 528/500/32 599/439/288 454/435/284
f 805/589/398 813/590/399 686/591/400
f 805/589/398 686/591/400 682/592/401
f 682/592/401 670/593/402 805/589/398
f 678/594/403 686/591/400 738/595/404
f 678/594/403 738/595/404 685/596/405
f 685/596/405 669/597/406 678/594/403
f 755/598/407 738/595/404 883/599/408
f 755/598/407 883/599/408 866/600/409
f 866/600/409 811/601/410 755/598/407
f 936/602/411 883/599/408 935/431/412
f 936/602/411 935/431/412 943/603/413
f 943/603/413 952/437/414 936/602/411
f 939/604/415 935/431/412 813/590/399
f 816/605/416 951/606/417 939/604/415
f 816/605/416 939/604/415 813/590/399
f 816/605/416 813/590/399 805/589/398
f 815/607/418 951/606/417 816/605/416
f 816/605/416 809/608/419 815/607/418
f 810/609/420 814/610/421 807/611/422
f 814/612/421 808/613/423 807/614/422
f 808/613/423 815/607/418 806/615/424
f 815/607/418 809/608/419 806/615/424
f 809/608/419 816/605/416 805/589/398
f 814/612/421 810/616/420 951/606/417
f 814/612/421 951/606/417 815/607/418
f 815/607/418 808/613/423 814/612/421
f 810/616/420 807/614/422 670/593/402
f 806/615/424 670/593/402 807/614/422
f 807/614/422 808/613/423 806/615/424
f 805/589/398 670/593/402 806/615/424
f 806/615/424 809/608/419 805/589/398
f 950/617/425 949/618/426 948/619/427
f 949/620/426 947/621/428 948/622/427
f 947/621/428 946/623/429 945/624/430
f 946/623/429 944/625/431 945/624/430
f 944/625/431 943/603/413 939/604/415
f 943/603/413 935/431/412 939/604/415
f 949/620/426 950/626/425 952/437/414
f 949/620/426 952/437/414 946/623/429
f 946/623/429 947/621/428 949/620/426
f 946/623/429 952/437/414 943/603/413
f 943/603/413 944/625/431 946/623/429
f 950/617/425 948/619/427 951/627/417
f 945/624/430 951/606/417 948/622/427
f 948/622/427 947/621/428 945/624/430
f 939/604/415 951/606/417 945/624/430
f 945/624/430 944/625/431 939/604/415
f 942/628/432 937/629/433 941/630/434
f 937/629/433 938/631/435 941/630/434
f 938/631/435 933/632/436 940/633/437
f 933/632/436 934/634/438 940/633/437
f 934/634/438 866/600/409 936/602/411
f 866/600/409 883/599/408 936/602/411
f 937/629/433 942/628/432 811/601/410
f 937/629/433 811/601/410 933/632/436
f 933/632/436 938/631/435 937/629/433
f 933/632/436 811/601/410 866/600/409
f 866/600/409 934/634/438 933/632/436
f 942/628/432 941/630/434 952/437/414
f 940/633/437 952/437/414 941/630/434
f 941/630/434 938/631/435 940/633/437
f 936/602/411 952/437/414 940/633/437
f 940/633/437 934/634/438 936/602/411
f 679/635/439 680/636/440 684/637/441
f 680/638/440 683/639/442 684/640/441
f 683/639/442 681/641/443 688/642/444
f 681/641/443 687/643/445 688/642/444
f 687/643/445 685/596/405 755/598/407
f 685/596/405 738/595/404 755/598/407
f 680/636/440 679/635/439 669/644/406
f 680/638/440 669/597/406 681/641/443
f 681/641/443 683/639/442 680/638/440
f 681/641/443 669/597/406 685/596/405
f 685/596/405 687/643/445 681/641/443
f 679/645/439 684/646/441 811/647/410
f 688/642/444 811/601/410 684/640/441
f 684/640/441 683/639/442 688/642/444
f 755/598/407 811/601/410 688/642/444
f 688/642/444 687/643/445 755/598/407
f 671/648/446 673/649/447 672/650/448
f 673/651/447 674/652/449 672/653/448
f 674/652/449 676/654/450 675/655/451
f 676/654/450 677/656/452 675/655/451
f 677/656/452 682/592/401 678/594/403
f 682/592/401 686/591/400 678/594/403
f 673/651/447 671/657/446 670/593/402
f 673/651/447 670/593/402 676/654/450
f 676/654/450 674/652/449 673/651/447
f 676/654/450 670/593/402 682/592/401
f 682/592/401 677/656/452 676/654/450
f 671/657/446 672/653/448 669/597/406
f 675/655/451 669/597/406 672/653/448
f 672/653/448 674/652/449 675/655/451
f 678/594/403 669/597/406 675/655/451
f 675/655/451 677/656/452 678/594/403
f 812/500/34 738/595/404 686/591/400
f 812/500/34 686/591/400 813/590/399
f 812/500/34 813/590/399 935/431/412
f 812/500/34 935/431/412 883/599/408
f 812/500/34 883/599/408 738/595/404
usemtl Mario_Star_Coin_2
f 569/283/99 561/284/100 598/285/101
f 577/286/102 569/283/99 598/285/101
f 581/287/103 577/286/102 598/285/101
f 597/288/104 581/287/103 598/285/101
f 603/289/105 597/288/104 598/285/101
f 611/290/106 603/289/105 598/285/101
f 619/291/107 611/290/106 598/285/101
f 623/292/108 619/291/107 598/285/101
f 618/293/109 623/292/108 598/285/101
f 610/294/110 618/293/109 598/285/101
f 602/295/111 610/294/110 598/285/101
f 596/296/112 602/295/111 598/285/101
f 580/297/113 596/296/112 598/285/101
f 576/298/114 580/297/113 598/285/101
f 568/299/115 576/298/114 598/285/101
f 561/284/100 568/299/115 598/285/101
f 561/300/100 569/301/99 553/302/116 545/303/117
f 569/301/99 577/304/102 557/305/118 553/302/116
f 577/306/102 581/307/103 575/308/119 557/309/118
f 581/307/103 597/310/104 595/311/120 575/308/119
f 597/310/104 603/312/105 609/313/121 595/311/120
f 603/312/105 611/314/106 627/315/122 609/313/121
f 611/304/106 619/301/107 635/302/123 627/305/122
f 619/301/107 623/300/108 639/303/124 635/302/123
f 623/300/108 618/316/109 634/317/125 639/303/124
f 618/316/109 610/318/110 626/319/126 634/317/125
f 610/314/110 602/312/111 608/313/127 626/315/126
f 602/312/111 596/310/112 594/311/128 608/313/127
f 596/310/112 580/307/113 574/308/129 594/311/128
f 580/307/113 576/306/114 556/309/130 574/308/129
f 576/318/114 568/316/115 552/317/131 556/319/130
f 568/316/115 561/300/100 545/303/117 552/317/131
f 545/303/117 553/302/116 541/320/132 537/321/133
f 553/302/116 557/305/118 551/322/134 541/320/132
f 557/309/118 575/308/119 567/323/135 551/324/134
f 575/308/119 595/311/120 593/325/136 567/323/135
f 595/311/120 609/313/121 617/326/137 593/325/136
f 609/313/121 627/315/122 633/327/138 617/326/137
f 627/305/122 635/302/123 643/320/139 633/322/138
f 635/302/123 639/303/124 647/321/140 643/320/139
f 639/303/124 634/317/125 642/328/141 647/321/140
f 634/317/125 626/319/126 632/329/142 642/328/141
f 626/315/126 608/313/127 616/326/143 632/327/142
f 608/313/127 594/311/128 592/325/144 616/326/143
f 594/311/128 574/308/129 566/323/145 592/325/144
f 574/308/129 556/309/130 550/324/146 566/323/145
f 556/319/130 552/317/131 540/328/147 550/329/146
f 552/317/131 545/303/117 537/321/133 540/328/147
f 537/321/133 541/320/132 536/330/148 533/331/149
f 541/320/132 551/322/134 544/332/150 536/330/148
f 551/324/134 567/323/135 560/333/151 544/334/150
f 567/323/135 593/325/136 591/335/34 560/333/151
f 593/325/136 617/326/137 622/336/152 591/335/34
f 617/326/137 633/327/138 638/337/153 622/336/152
f 633/322/138 643/320/139 646/330/154 638/332/153
f 643/320/139 647/321/140 648/331/155 646/330/154
f 647/321/140 642/328/141 645/338/156 648/331/155
f 642/328/141 632/329/142 637/339/157 645/338/156
f 632/327/142 616/326/143 621/336/158 637/337/157
f 616/326/143 592/325/144 590/335/32 621/336/158
f 592/325/144 566/323/145 559/333/159 590/335/32
f 566/323/145 550/324/146 543/334/160 559/333/159
f 550/329/146 540/328/147 535/338/161 543/339/160
f 540/328/147 537/321/133 533/331/149 535/338/161
f 533/331/149 536/330/148 539/340/162 534/341/163
f 536/330/148 544/332/150 549/342/164 539/340/162
f 544/334/150 560/333/151 565/343/165 549/344/164
f 560/333/151 591/335/34 589/345/166 565/343/165
f 591/335/34 622/336/152 615/346/167 589/345/166
f 622/336/152 638/337/153 631/347/168 615/346/167
f 638/332/153 646/330/154 641/340/169 631/342/168
f 646/330/154 648/331/155 644/341/170 641/340/169
f 648/331/155 645/338/156 640/348/171 644/341/170
f 645/338/156 637/339/157 630/349/172 640/348/171
f 637/337/157 621/336/158 614/346/173 630/347/172
f 621/336/158 590/335/32 588/345/174 614/346/173
f 590/335/32 559/333/159 564/343/175 588/345/174
f 559/333/159 543/334/160 548/344/176 564/343/175
f 543/339/160 535/338/161 538/348/177 548/349/176
f 535/338/161 533/331/149 534/341/163 538/348/177
f 534/341/163 539/340/162 547/350/178 542/351/179
f 539/340/162 549/342/164 555/352/180 547/350/178
f 549/344/164 565/343/165 573/353/181 555/354/180
f 565/343/165 589/345/166 587/355/182 573/353/181
f 589/345/166 615/346/167 607/356/183 587/355/182
f 615/346/167 631/347/168 625/357/184 607/356/183
f 631/342/168 641/340/169 629/350/185 625/352/184
f 641/340/169 644/341/170 636/351/186 629/350/185
f 644/341/170 640/348/171 628/358/187 636/351/186
f 640/348/171 630/349/172 624/359/188 628/358/187
f 630/347/172 614/346/173 606/356/189 624/357/188
f 614/346/173 588/345/174 586/355/190 606/356/189
f 588/345/174 564/343/175 572/353/191 586/355/190
f 564/343/175 548/344/176 554/354/192 572/353/191
f 548/349/176 538/348/177 546/358/193 554/359/192
f 538/348/177 534/341/163 542/351/179 546/358/193
f 542/351/179 547/350/178 563/360/194 558/361/195
f 547/350/178 555/352/180 571/362/196 563/360/194
f 555/354/180 573/353/181 579/363/197 571/364/196
f 573/353/181 587/355/182 585/365/198 579/363/197
f 587/355/182 607/356/183 601/366/199 585/365/198
f 607/356/183 625/357/184 605/367/200 601/366/199
f 625/352/184 629/350/185 613/360/201 605/362/200
f 629/350/185 636/351/186 620/361/202 613/360/201
f 636/351/186 628/358/187 612/368/203 620/361/202
f 628/358/187 624/359/188 604/369/204 612/368/203
f 624/357/188 606/356/189 600/366/205 604/367/204
f 606/356/189 586/355/190 584/365/206 600/366/205
f 586/355/190 572/353/191 578/363/207 584/365/206
f 572/353/191 554/354/192 570/364/208 578/363/207
f 554/359/192 546/358/193 562/368/209 570/369/208
f 546/358/193 542/351/179 558/361/195 562/368/209
f 558/284/195 563/283/194 583/285/210
f 563/283/194 571/286/196 583/285/210
f 571/286/196 579/287/197 583/285/210
f 579/287/197 585/288/198 583/285/210
f 585/288/198 601/289/199 583/285/210
f 601/289/199 605/290/200 583/285/210
f 605/290/200 613/291/201 583/285/210
f 613/291/201 620/292/202 583/285/210
f 620/292/202 612/293/203 583/285/210
f 612/293/203 604/294/204 583/285/210
f 604/294/204 600/295/205 583/285/210
f 600/295/205 584/370/206 583/285/210
f 584/370/206 578/297/207 583/285/210
f 578/297/207 570/298/208 583/285/210
f 570/298/208 562/299/209 583/285/210
f 562/299/209 558/284/195 583/285/210
f 495/371/108 491/372/211 470/373/101
f 491/372/211 483/374/212 470/373/101
f 483/374/212 475/375/105 470/373/101
f 475/375/105 469/376/104 470/373/101
f 469/376/104 453/377/213 470/373/101
f 453/377/213 449/378/214 470/373/101
f 449/378/214 441/379/215 470/373/101
f 441/379/215 433/380/100 470/373/101
f 433/380/100 440/381/216 470/373/101
f 440/381/216 448/382/217 470/373/101
f 448/382/217 452/383/113 470/373/101
f 452/383/113 468/384/112 470/373/101
f 468/384/112 474/385/218 470/373/101
f 474/385/218 482/386/219 470/373/101
f 482/386/219 490/387/220 470/373/101
f 490/387/220 495/371/108 470/373/101
f 507/302/221 491/301/211 495/300/108 511/303/124
f 499/305/222 483/304/212 491/301/211 507/302/221
f 481/388/121 475/389/105 483/390/212 499/391/222
f 467/392/120 469/393/104 475/389/105 481/388/121
f 447/394/119 453/395/213 469/393/104 467/392/120
f 429/396/223 449/397/214 453/395/213 447/394/119
f 425/302/224 441/301/215 449/304/214 429/305/223
f 417/303/225 433/300/100 441/301/215 425/302/224
f 424/317/131 440/316/216 433/300/100 417/303/225
f 428/398/226 448/318/217 440/316/216 424/317/131
f 446/394/227 452/395/113 448/397/217 428/396/226
f 466/392/128 468/393/112 452/395/113 446/394/227
f 480/388/127 474/389/218 468/393/112 466/392/128
f 498/391/126 482/390/219 474/389/218 480/388/127
f 506/317/228 490/316/220 482/318/219 498/398/126
f 511/303/124 495/300/108 490/316/220 506/317/228
f 515/320/229 507/302/221 511/303/124 519/321/140
f 505/399/230 499/305/222 507/302/221 515/320/229
f 489/400/231 481/388/121 499/391/222 505/401/230
f 465/402/136 467/392/120 481/388/121 489/400/231
f 439/403/135 447/394/119 467/392/120 465/402/136
f 423/404/232 429/396/223 447/394/119 439/403/135
f 413/320/132 425/302/224 429/305/223 423/399/232
f 409/321/133 417/303/225 425/302/224 413/320/132
f 412/328/147 424/317/131 417/303/225 409/321/133
f 422/329/233 428/398/226 424/317/131 412/328/147
f 438/403/234 446/394/227 428/396/226 422/404/233
f 464/402/235 466/392/128 446/394/227 438/403/234
f 488/400/236 480/388/127 466/392/128 464/402/235
f 504/405/237 498/391/126 480/388/127 488/400/236
f 514/328/238 506/317/228 498/398/126 504/329/237
f 519/321/140 511/303/124 506/317/228 514/328/238
f 518/330/239 515/320/229 519/321/140 520/331/155
f 510/332/240 505/399/230 515/320/229 518/330/239
f 494/406/152 489/400/231 505/401/230 510/407/240
f 463/408/34 465/402/136 489/400/231 494/406/152
f 432/409/241 439/403/135 465/402/136 463/408/34
f 416/410/242 423/404/232 439/403/135 432/409/241
f 408/330/243 413/320/132 423/399/232 416/332/242
f 405/331/149 409/321/133 413/320/132 408/330/243
f 407/411/161 412/328/147 409/321/133 405/331/149
f 415/339/160 422/329/233 412/328/147 407/411/161
f 431/409/244 438/403/234 422/404/233 415/410/160
f 462/408/32 464/402/235 438/403/234 431/409/244
f 493/406/245 488/400/236 464/402/235 462/408/32
f 509/407/246 504/405/237 488/400/236 493/406/245
f 517/411/247 514/328/238 504/329/237 509/339/246
f 520/331/155 519/321/140 514/328/238 517/411/247
f 513/340/169 518/330/239 520/331/155 516/341/248
f 503/412/168 510/332/240 518/330/239 513/340/169
f 487/413/249 494/406/152 510/407/240 503/414/168
f 461/415/250 463/408/34 494/406/152 487/413/249
f 437/416/251 432/409/241 463/408/34 461/415/250
f 421/417/252 416/410/242 432/409/241 437/416/251
f 411/340/253 408/330/243 416/332/242 421/412/252
f 406/341/254 405/331/149 408/330/243 411/340/253
f 410/348/255 407/411/161 405/331/149 406/341/254
f 420/349/176 415/339/160 407/411/161 410/348/255
f 436/416/256 431/409/244 415/410/160 420/417/176
f 460/415/257 462/408/32 431/409/244 436/416/256
f 486/413/173 493/406/245 462/408/32 460/415/257
f 502/418/258 509/407/246 493/406/245 486/413/173
f 512/348/171 517/411/247 509/339/246 502/349/258
f 516/341/248 520/331/155 517/411/247 512/348/171
f 501/350/259 513/340/169 516/341/248 508/351/186
f 497/352/260 503/412/168 513/340/169 501/350/259
f 479/419/183 487/413/249 503/414/168 497/420/260
f 459/421/182 461/415/250 487/413/249 479/419/183
f 445/422/261 437/416/251 461/415/250 459/421/182
f 427/423/262 421/417/252 437/416/251 445/422/261
f 419/350/178 411/340/253 421/412/252 427/352/262
f 414/351/179 406/341/254 411/340/253 419/350/178
f 418/358/193 410/348/255 406/341/254 414/351/179
f 426/359/263 420/349/176 410/348/255 418/358/193
f 444/422/191 436/416/256 420/417/176 426/423/263
f 458/421/190 460/415/257 436/416/256 444/422/191
f 478/419/189 486/413/173 460/415/257 458/421/190
f 496/420/264 502/418/258 486/413/173 478/419/189
f 500/358/265 512/348/171 502/349/258 496/359/264
f 508/351/186 516/341/248 512/348/171 500/358/265
f 485/360/201 501/350/259 508/351/186 492/361/266
f 477/362/267 497/352/260 501/350/259 485/360/201
f 473/424/199 479/419/183 497/420/260 477/425/267
f 457/426/268 459/421/182 479/419/183 473/424/199
f 451/427/269 445/422/261 459/421/182 457/426/268
f 443/428/270 427/423/262 445/422/261 451/427/269
f 435/360/271 419/350/178 427/352/262 443/362/270
f 430/361/272 414/351/179 419/350/178 435/360/271
f 434/368/209 418/358/193 414/351/179 430/361/272
f 442/369/273 426/359/263 418/358/193 434/368/209
f 450/427/274 444/422/191 426/423/263 442/428/273
f 456/426/206 458/421/190 444/422/191 450/427/274
f 472/424/275 478/419/189 458/421/190 456/426/206
f 476/425/276 496/420/264 478/419/189 472/424/275
f 484/368/277 500/358/265 496/359/264 476/369/276
f 492/361/266 508/351/186 500/358/265 484/368/277
f 485/372/201 492/371/266 455/373/210
f 477/374/267 485/372/201 455/373/210
f 473/375/199 477/374/267 455/373/210
f 457/376/268 473/375/199 455/373/210
f 451/377/269 457/376/268 455/373/210
f 443/378/270 451/377/269 455/373/210
f 435/379/271 443/378/270 455/373/210
f 430/380/272 435/379/271 455/373/210
f 434/381/209 430/380/272 455/373/210
f 442/382/273 434/381/209 455/373/210
f 450/383/274 442/382/273 455/373/210
f 456/384/206 450/383/274 455/373/210
f 472/385/275 456/384/206 455/373/210
f 476/386/276 472/385/275 455/373/210
f 484/387/277 476/386/276 455/373/210
f 492/371/266 484/387/277 455/373/210
f 853/501/109 845/502/108 882/503/101
f 861/504/110 853/501/109 882/503/101
f 865/505/111 861/504/110 882/503/101
f 881/506/112 865/505/111 882/503/101
f 887/507/113 881/506/112 882/503/101
f 895/508/114 887/507/113 882/503/101
f 903/509/115 895/508/114 882/503/101
f 907/510/100 903/509/115 882/503/101
f 902/511/99 907/510/100 882/503/101
f 894/512/102 902/511/99 882/503/101
f 886/513/333 894/512/102 882/503/101
f 880/514/104 886/513/333 882/503/101
f 864/515/105 880/514/104 882/503/101
f 860/516/106 864/515/105 882/503/101
f 852/517/107 860/516/106 882/503/101
f 845/502/108 852/517/107 882/503/101
f 845/518/108 853/519/109 837/520/228 829/521/124
f 853/519/109 861/522/110 841/523/334 837/520/228
f 861/390/110 865/389/111 859/388/127 841/391/334
f 865/389/111 881/524/112 879/525/128 859/388/127
f 881/524/112 887/395/113 893/394/227 879/525/128
f 887/395/113 895/397/114 911/396/335 893/394/227
f 895/522/114 903/519/115 919/520/336 911/523/335
f 903/519/115 907/518/100 923/521/117 919/520/336
f 907/518/100 902/526/99 918/527/224 923/521/117
f 902/526/99 894/528/102 910/529/337 918/527/224
f 894/397/102 886/395/333 892/394/119 910/396/337
f 886/395/333 880/524/104 878/525/120 892/394/119
f 880/524/104 864/389/105 858/388/338 878/525/120
f 864/389/105 860/390/106 840/391/339 858/388/338
f 860/528/106 852/526/107 836/527/221 840/529/339
f 852/526/107 845/518/108 829/521/124 836/527/221
f 829/521/124 837/520/228 825/530/340 821/531/341
f 837/520/228 841/523/334 835/532/142 825/530/340
f 841/391/334 859/388/127 851/400/236 835/405/142
f 859/388/127 879/525/128 877/533/235 851/400/236
f 879/525/128 893/394/227 901/403/145 877/533/235
f 893/394/227 911/396/335 917/404/342 901/403/145
f 911/523/335 919/520/336 927/530/343 917/532/342
f 919/520/336 923/521/117 931/531/344 927/530/343
f 923/521/117 918/527/224 926/534/345 931/531/344
f 918/527/224 910/529/337 916/535/134 926/534/345
f 910/396/337 892/394/119 900/403/346 916/404/134
f 892/394/119 878/525/120 876/533/347 900/403/346
f 878/525/120 858/388/338 850/400/137 876/533/347
f 858/388/338 840/391/339 834/405/230 850/400/137
f 840/529/339 836/527/221 824/534/348 834/535/230
f 836/527/221 829/521/124 821/531/341 824/534/348
f 821/531/341 825/530/340 820/536/349 817/537/155
f 825/530/340 835/532/142 828/538/157 820/536/349
f 835/405/142 851/400/236 844/406/350 828/407/157
f 851/400/236 877/533/235 875/539/32 844/406/350
f 877/533/235 901/403/145 906/409/351 875/539/32
f 901/403/145 917/404/342 922/410/352 906/409/351
f 917/532/342 927/530/343 930/536/161 922/538/352
f 927/530/343 931/531/344 932/537/149 930/536/161
f 931/531/344 926/534/345 929/540/353 932/537/149
f 926/534/345 916/535/134 921/541/150 929/540/353
f 916/404/134 900/403/346 905/409/241 921/410/150
f 900/403/346 876/533/347 874/539/34 905/409/241
f 876/533/347 850/400/137 843/406/354 874/539/34
f 850/400/137 834/405/230 827/407/240 843/406/354
f 834/535/230 824/534/348 819/540/154 827/541/240
f 824/534/348 821/531/341 817/537/155 819/540/154
f 817/537/155 820/536/349 823/542/355 818/543/356
f 820/536/349 828/538/157 833/544/357 823/542/355
f 828/407/157 844/406/350 849/413/358 833/418/357
f 844/406/350 875/539/32 873/545/359 849/413/358
f 875/539/32 906/409/351 899/416/360 873/545/359
f 906/409/351 922/410/352 915/417/361 899/416/360
f 922/538/352 930/536/161 925/542/362 915/544/361
f 930/536/161 932/537/149 928/543/363 925/542/362
f 932/537/149 929/540/353 924/546/364 928/543/363
f 929/540/353 921/541/150 914/547/365 924/546/364
f 921/410/150 905/409/241 898/416/366 914/417/365
f 905/409/241 874/539/34 872/545/367 898/416/366
f 874/539/34 843/406/354 848/413/368 872/545/367
f 843/406/354 827/407/240 832/418/369 848/413/368
f 827/541/240 819/540/154 822/546/370 832/547/369
f 819/540/154 817/537/155 818/543/356 822/546/370
f 818/543/356 823/542/355 831/548/265 826/549/186
f 823/542/355 833/544/357 839/550/264 831/548/265
f 833/418/357 849/413/358 857/419/189 839/420/264
f 849/413/358 873/545/359 871/551/190 857/419/189
f 873/545/359 899/416/360 891/422/191 871/551/190
f 899/416/360 915/417/361 909/423/192 891/422/191
f 915/544/361 925/542/362 913/548/193 909/550/192
f 925/542/362 928/543/363 920/549/179 913/548/193
f 928/543/363 924/546/364 912/552/371 920/549/179
f 924/546/364 914/547/365 908/553/372 912/552/371
f 914/417/365 898/416/366 890/422/181 908/423/372
f 898/416/366 872/545/367 870/551/182 890/422/181
f 872/545/367 848/413/368 856/419/183 870/551/182
f 848/413/368 832/418/369 838/420/184 856/419/183
f 832/547/369 822/546/370 830/552/185 838/553/184
f 822/546/370 818/543/356 826/549/186 830/552/185
f 826/549/186 831/548/265 847/554/203 842/555/266
f 831/548/265 839/550/264 855/556/204 847/554/203
f 839/420/264 857/419/189 863/424/205 855/425/204
f 857/419/189 871/551/190 869/557/373 863/424/205
f 871/551/190 891/422/191 885/427/207 869/557/373
f 891/422/191 909/423/192 889/428/273 885/427/207
f 909/550/192 913/548/193 897/554/209 889/556/273
f 913/548/193 920/549/179 904/555/272 897/554/209
f 920/549/179 912/552/371 896/558/194 904/555/272
f 912/552/371 908/553/372 888/559/196 896/558/194
f 908/423/372 890/422/181 884/427/197 888/428/196
f 890/422/181 870/551/182 868/557/268 884/427/197
f 870/551/182 856/419/183 862/424/199 868/557/268
f 856/419/183 838/420/184 854/425/200 862/424/199
f 838/553/184 830/552/185 846/558/201 854/559/200
f 830/552/185 826/549/186 842/555/266 846/558/201
f 842/502/266 847/501/203 867/503/210
f 847/501/203 855/504/204 867/503/210
f 855/504/204 863/560/205 867/503/210
f 863/560/205 869/506/373 867/503/210
f 869/506/373 885/561/207 867/503/210
f 885/561/207 889/508/273 867/503/210
f 889/508/273 897/509/209 867/503/210
f 897/509/209 904/510/272 867/503/210
f 904/510/272 896/511/194 867/503/210
f 896/511/194 888/512/196 867/503/210
f 888/512/196 884/513/197 867/503/210
f 884/513/197 868/514/268 867/503/210
f 868/514/268 862/515/199 867/503/210
f 862/515/199 854/516/200 867/503/210
f 854/516/200 846/517/201 867/503/210
f 846/517/201 842/502/266 867/503/210
f 779/562/100 775/563/216 754/564/101
f 775/563/216 767/565/217 754/564/101
f 767/565/217 759/566/113 754/564/101
f 759/566/113 753/567/112 754/564/101
f 753/567/112 737/568/218 754/564/101
f 737/568/218 733/569/219 754/564/101
f 733/569/219 725/570/220 754/564/101
f 725/570/220 717/571/108 754/564/101
f 717/571/108 724/572/211 754/564/101
f 724/572/211 732/573/212 754/564/101
f 732/573/212 736/574/105 754/564/101
f 736/574/105 752/575/104 754/564/101
f 752/575/104 758/576/213 754/564/101
f 758/576/213 766/577/214 754/564/101
f 766/577/214 774/578/215 754/564/101
f 774/578/215 779/562/100 754/564/101
f 791/520/131 775/519/216 779/518/100 795/521/117
f 783/523/226 767/522/217 775/519/216 791/520/131
f 765/308/227 759/307/113 767/306/217 783/309/226
f 751/311/128 753/310/112 759/307/113 765/308/227
f 731/579/127 737/580/218 753/310/112 751/311/128
f 713/315/374 733/581/219 737/580/218 731/579/127
f 709/520/125 725/519/220 733/522/219 713/523/374
f 701/521/375 717/518/108 725/519/220 709/520/125
f 708/527/221 724/526/211 717/518/108 701/521/375
f 712/529/376 732/528/212 724/526/211 708/527/221
f 730/579/121 736/580/105 732/581/212 712/315/376
f 750/311/120 752/310/104 736/580/105 730/579/121
f 764/308/119 758/307/213 752/310/104 750/311/120
f 782/309/337 766/306/214 758/307/213 764/308/119
f 790/527/116 774/526/215 766/528/214 782/529/337
f 795/521/117 779/518/100 774/526/215 790/527/116
f 799/530/377 791/520/131 795/521/117 803/531/344
f 789/532/146 783/523/226 791/520/131 799/530/377
f 773/323/234 765/308/227 783/309/226 789/324/146
f 749/325/235 751/311/128 765/308/227 773/323/234
f 723/326/236 731/579/127 751/311/128 749/325/235
f 707/582/142 713/315/374 731/579/127 723/326/236
f 697/530/340 709/520/125 713/523/374 707/532/142
f 693/531/341 701/521/375 709/520/125 697/530/340
f 696/534/348 708/527/221 701/521/375 693/531/341
f 706/535/378 712/529/376 708/527/221 696/534/348
f 722/326/379 730/579/121 712/315/376 706/582/378
f 748/325/136 750/311/120 730/579/121 722/326/379
f 772/323/135 764/308/119 750/311/120 748/325/136
f 788/324/380 782/309/337 764/308/119 772/323/135
f 798/534/381 790/527/116 782/529/337 788/535/380
f 803/531/344 795/521/117 790/527/116 798/534/381
f 802/536/382 799/530/377 803/531/344 804/537/149
f 794/538/383 789/532/146 799/530/377 802/536/382
f 778/583/351 773/323/234 789/324/146 794/584/383
f 747/335/32 749/325/235 773/323/234 778/583/351
f 716/336/158 723/326/236 749/325/235 747/335/32
f 700/337/246 707/582/142 723/326/236 716/336/158
f 692/536/247 697/530/340 707/532/142 700/538/246
f 689/537/155 693/531/341 697/530/340 692/536/247
f 691/540/154 696/534/348 693/531/341 689/537/155
f 699/541/240 706/535/378 696/534/348 691/540/154
f 715/336/384 722/326/379 706/582/378 699/337/240
f 746/335/34 748/325/136 722/326/379 715/336/384
f 777/583/385 772/323/135 748/325/136 746/335/34
f 793/584/242 788/324/380 772/323/135 777/583/385
f 801/540/243 798/534/381 788/535/380 793/541/242
f 804/537/149 803/531/344 798/534/381 801/540/243
f 797/542/362 802/536/382 804/537/149 800/543/163
f 787/544/361 794/538/383 802/536/382 797/542/362
f 771/343/386 778/583/351 794/584/383 787/344/361
f 745/345/257 747/335/32 778/583/351 771/343/386
f 721/346/387 716/336/158 747/335/32 745/345/257
f 705/585/258 700/337/246 716/336/158 721/346/387
f 695/542/388 692/536/247 700/538/246 705/544/258
f 690/543/248 689/537/155 692/536/247 695/542/388
f 694/546/389 691/540/154 689/537/155 690/543/248
f 704/547/369 699/541/240 691/540/154 694/546/389
f 720/346/249 715/336/384 699/337/240 704/585/369
f 744/345/250 746/335/34 715/336/384 720/346/249
f 770/343/366 777/583/385 746/335/34 744/345/250
f 786/344/252 793/584/242 777/583/385 770/343/366
f 796/546/364 801/540/243 793/541/242 786/547/252
f 800/543/163 804/537/149 801/540/243 796/546/364
f 785/548/390 797/542/362 800/543/163 792/549/179
f 781/550/391 787/544/361 797/542/362 785/548/390
f 763/353/191 771/343/386 787/344/361 781/354/391
f 743/355/190 745/345/257 771/343/386 763/353/191
f 729/586/392 721/346/387 745/345/257 743/355/190
f 711/357/393 705/585/258 721/346/387 729/586/392
f 703/548/265 695/542/388 705/544/258 711/550/393
f 698/549/186 690/543/248 695/542/388 703/548/265
f 702/552/185 694/546/389 690/543/248 698/549/186
f 710/553/394 704/547/369 694/546/389 702/552/185
f 728/586/183 720/346/249 704/585/369 710/357/394
f 742/355/182 744/345/250 720/346/249 728/586/183
f 762/353/181 770/343/366 744/345/250 742/355/182
f 780/354/180 786/344/252 770/343/366 762/353/181
f 784/552/178 796/546/364 786/547/252 780/553/180
f 792/549/179 800/543/163 796/546/364 784/552/178
f 769/554/209 785/548/390 792/549/179 776/555/195
f 761/556/273 781/550/391 785/548/390 769/554/209
f 757/363/207 763/353/191 781/354/391 761/364/273
f 741/365/206 743/355/190 763/353/191 757/363/207
f 735/587/395 729/586/392 743/355/190 741/365/206
f 727/588/276 711/357/393 729/586/392 735/587/395
f 719/554/277 703/548/265 711/550/393 727/556/276
f 714/555/202 698/549/186 703/548/265 719/554/277
f 718/558/201 702/552/185 698/549/186 714/555/202
f 726/559/267 710/553/394 702/552/185 718/558/201
f 734/587/396 728/586/183 710/357/394 726/588/267
f 740/365/268 742/355/182 728/586/183 734/587/396
f 756/363/397 762/353/181 742/355/182 740/365/268
f 760/364/270 780/354/180 762/353/181 756/363/397
f 768/558/271 784/552/178 780/553/180 760/559/270
f 776/555/195 792/549/179 784/552/178 768/558/271
f 769/563/209 776/562/195 739/564/210
f 761/565/273 769/563/209 739/564/210
f 757/566/207 761/565/273 739/564/210
f 741/567/206 757/566/207 739/564/210
f 735/568/395 741/567/206 739/564/210
f 727/569/276 735/568/395 739/564/210
f 719/570/277 727/569/276 739/564/210
f 714/571/202 719/570/277 739/564/210
f 718/572/201 714/571/202 739/564/210
f 726/573/267 718/572/201 739/564/210
f 734/574/396 726/573/267 739/564/210
f 740/575/268 734/574/396 739/564/210
f 756/576/397 740/575/268 739/564/210
f 760/577/270 756/576/397 739/564/210
f 768/578/271 760/577/270 739/564/210
f 776/562/195 768/578/271 739/564/210
